0,0,0,0
1,3,1,4
2,5,1,3
3,8,2,7
4,10,2,8
5,13,3,4
6,15,3,8
7,18,4,9
8,20,4,8
9,23,5,9
10,25,5,4
11,28,6,8
12,30,6,4
13,33,7,2
14,35,7,3
15,38,8,8
16,40,8,7
17,43,9,1
18,45,9,4
19,48,10,9
20,50,10,1
21,53,11,3
22,55,11,3
23,58,12,5
24,60,12,5
25,63,13,8
26,65,13,9
27,68,14,3
28,70,14,7
29,73,15,7
30,75,15,2
31,78,16,7
32,80,16,6
33,83,17,3
34,85,17,2
35,88,18,8
36,90,18,1
37,93,19,8
38,95,19,3
39,98,20,4
40,100,20,3
41,103,21,5
42,105,21,5
43,108,22,9
44,110,22,8
45,113,23,5
46,115,23,2
47,118,24,6
48,120,24,4
49,123,25,7
50,125,25,6
51,128,26,5
52,130,26,3
53,133,27,5
54,135,27,6
55,138,28,4
56,140,28,8
57,143,29,5
58,145,29,1
59,148,30,4
60,150,30,7
61,153,31,6
62,155,31,7
63,158,32,6
64,160,32,6
65,163,33,6
66,165,33,3
67,168,34,2
68,170,34,5
69,173,35,4
70,175,35,1
71,178,36,7
72,180,36,9
73,183,37,4
74,185,37,2
75,188,38,6
76,190,38,7
77,193,39,1
78,195,39,1
79,198,40,3
80,200,40,8
81,203,41,2
82,205,41,4
83,208,42,9
84,210,42,6
85,213,43,6
86,215,43,2
87,218,44,6
88,220,44,5
89,223,45,6
90,225,45,3
91,228,46,6
92,230,46,3
93,233,47,8
94,235,47,8
95,238,48,3
96,240,48,2
97,243,49,4
98,245,49,4
99,248,50,5
100,250,50,1
101,253,51,2
102,255,51,7
103,258,52,7
104,260,52,7
105,263,53,6
106,265,53,2
107,268,54,6
108,270,54,7
109,273,55,4
110,275,55,7
111,278,56,5
112,280,56,8
113,283,57,7
114,285,57,8
115,288,58,7
116,290,58,8
117,293,59,9
118,295,59,6
119,298,60,4
120,300,60,1
121,303,61,4
122,305,61,3
123,308,62,8
124,310,62,1
125,313,63,1
126,315,63,2
127,318,64,1
128,320,64,7
129,323,65,3
130,325,65,5
131,328,66,7
132,330,66,8
133,333,67,8
134,335,67,6
135,338,68,8
136,340,68,2
137,343,69,4
138,345,69,4
139,348,70,4
140,350,70,2
141,353,71,3
142,355,71,9
143,358,72,7
144,360,72,2
145,363,73,8
146,365,73,9
147,368,74,9
148,370,74,3
149,373,75,3
150,375,75,2
151,378,76,3
152,380,76,6
153,383,77,7
154,385,77,2
155,388,78,5
156,390,78,7
157,393,79,1
158,395,79,9
159,398,80,4
160,400,80,6
161,403,81,5
162,405,81,8
163,408,82,2
164,410,82,3
165,413,83,1
166,415,83,8
167,418,84,4
168,420,84,1
169,423,85,4
170,425,85,3
171,428,86,6
172,430,86,6
173,433,87,8
174,435,87,6
175,438,88,2
176,440,88,6
177,443,89,8
178,445,89,7
179,448,90,3
180,450,90,4
181,453,91,8
182,455,91,3
183,458,92,3
184,460,92,7
185,463,93,9
186,465,93,2
187,468,94,2
188,470,94,1
189,473,95,6
190,475,95,8
191,478,96,3
192,480,96,4
193,483,97,9
194,485,97,7
195,488,98,1
196,490,98,2
197,493,99,4
198,495,99,1
199,498,100,9
200,500,100,5
201,503,101,5
202,505,101,4
203,508,102,4
204,510,102,2
205,513,103,4
206,515,103,5
207,518,104,3
208,520,104,2
209,523,105,9
210,525,105,7
211,528,106,7
212,530,106,7
213,533,107,5
214,535,107,9
215,538,108,6
216,540,108,9
217,543,109,5
218,545,109,7
219,548,110,3
220,550,110,9
221,553,111,3
222,555,111,3
223,558,112,1
224,560,112,4
225,563,113,3
226,565,113,1
227,568,114,1
228,570,114,6
229,573,115,5
230,575,115,6
231,578,116,6
232,580,116,5
233,583,117,5
234,585,117,9
235,588,118,5
236,590,118,1
237,593,119,8
238,595,119,9
239,598,120,7
240,600,120,6
241,603,121,5
242,605,121,8
243,608,122,3
244,610,122,7
245,613,123,4
246,615,123,3
247,618,124,1
248,620,124,9
249,623,125,3
250,625,125,2
251,628,126,6
252,630,126,6
253,633,127,3
254,635,127,5
255,638,128,6
256,640,128,9
257,643,129,3
258,645,129,7
259,648,130,9
260,650,130,7
261,653,131,8
262,655,131,4
263,658,132,7
264,660,132,7
265,663,133,8
266,665,133,1
267,668,134,6
268,670,134,8
269,673,135,1
270,675,135,8
271,678,136,8
272,680,136,2
273,683,137,1
274,685,137,6
275,688,138,6
276,690,138,5
277,693,139,5
278,695,139,5
279,698,140,1
280,700,140,8
281,703,141,6
282,705,141,9
283,708,142,3
284,710,142,6
285,713,143,2
286,715,143,4
287,718,144,3
288,720,144,7
289,723,145,7
290,725,145,9
291,728,146,3
292,730,146,2
293,733,147,9
294,735,147,9
295,738,148,3
296,740,148,7
297,743,149,2
298,745,149,4
299,748,150,9
300,750,150,3
301,753,151,4
302,755,151,3
303,758,152,7
304,760,152,1
305,763,153,8
306,765,153,4
307,768,154,7
308,770,154,9
309,773,155,5
310,775,155,8
311,778,156,6
312,780,156,5
313,783,157,6
314,785,157,9
315,788,158,6
316,790,158,9
317,793,159,2
318,795,159,9
319,798,160,8
320,800,160,5
321,803,161,1
322,805,161,4
323,808,162,6
324,810,162,7
325,813,163,1
326,815,163,1
327,818,164,6
328,820,164,8
329,823,165,7
330,825,165,6
331,828,166,6
332,830,166,6
333,833,167,3
334,835,167,6
335,838,168,1
336,840,168,5
337,843,169,2
338,845,169,4
339,848,170,2
340,850,170,3
341,853,171,4
342,855,171,6
343,858,172,3
344,860,172,3
345,863,173,7
346,865,173,7
347,868,174,6
348,870,174,6
349,873,175,3
350,875,175,9
351,878,176,6
352,880,176,1
353,883,177,8
354,885,177,8
355,888,178,4
356,890,178,8
357,893,179,5
358,895,179,2
359,898,180,6
360,900,180,8
361,903,181,3
362,905,181,8
363,908,182,5
364,910,182,4
365,913,183,3
366,915,183,2
367,918,184,9
368,920,184,8
369,923,185,8
370,925,185,2
371,928,186,3
372,930,186,1
373,933,187,9
374,935,187,9
375,938,188,2
376,940,188,9
377,943,189,5
378,945,189,9
379,948,190,6
380,950,190,2
381,953,191,9
382,955,191,7
383,958,192,5
384,960,192,7
385,963,193,1
386,965,193,5
387,968,194,2
388,970,194,1
389,973,195,5
390,975,195,1
391,978,196,9
392,980,196,7
393,983,197,4
394,985,197,7
395,988,198,7
396,990,198,3
397,993,199,2
398,995,199,1
399,998,200,5
400,1000,200,2
401,1003,201,5
402,1005,201,1
403,1008,202,2
404,1010,202,2
405,1013,203,5
406,1015,203,8
407,1018,204,8
408,1020,204,6
409,1023,205,9
410,1025,205,5
411,1028,206,3
412,1030,206,2
413,1033,207,9
414,1035,207,6
415,1038,208,5
416,1040,208,9
417,1043,209,3
418,1045,209,7
419,1048,210,7
420,1050,210,6
421,1053,211,4
422,1055,211,6
423,1058,212,5
424,1060,212,8
425,1063,213,8
426,1065,213,6
427,1068,214,8
428,1070,214,1
429,1073,215,3
430,1075,215,4
431,1078,216,7
432,1080,216,1
433,1083,217,8
434,1085,217,9
435,1088,218,2
436,1090,218,1
437,1093,219,4
438,1095,219,3
439,1098,220,6
440,1100,220,1
441,1103,221,2
442,1105,221,4
443,1108,222,6
444,1110,222,4
445,1113,223,2
446,1115,223,8
447,1118,224,8
448,1120,224,7
449,1123,225,7
450,1125,225,8
451,1128,226,6
452,1130,226,4
453,1133,227,4
454,1135,227,3
455,1138,228,5
456,1140,228,8
457,1143,229,2
458,1145,229,3
459,1148,230,2
460,1150,230,7
461,1153,231,1
462,1155,231,3
463,1158,232,7
464,1160,232,4
465,1163,233,4
466,1165,233,2
467,1168,234,9
468,1170,234,2
469,1173,235,6
470,1175,235,5
471,1178,236,7
472,1180,236,4
473,1183,237,2
474,1185,237,6
475,1188,238,1
476,1190,238,4
477,1193,239,4
478,1195,239,7
479,1198,240,6
480,1200,240,8
481,1203,241,2
482,1205,241,8
483,1208,242,1
484,1210,242,9
485,1213,243,9
486,1215,243,9
487,1218,244,9
488,1220,244,2
489,1223,245,5
490,1225,245,6
491,1228,246,7
492,1230,246,9
493,1233,247,9
494,1235,247,5
495,1238,248,2
496,1240,248,5
497,1243,249,8
498,1245,249,3
499,1248,250,9
500,1250,250,5
501,1253,251,7
502,1255,251,8
503,1258,252,8
504,1260,252,7
505,1263,253,2
506,1265,253,6
507,1268,254,9
508,1270,254,1
509,1273,255,4
510,1275,255,1
511,1278,256,3
512,1280,256,3
513,1283,257,4
514,1285,257,5
515,1288,258,3
516,1290,258,9
517,1293,259,6
518,1295,259,8
519,1298,260,4
520,1300,260,5
521,1303,261,8
522,1305,261,8
523,1308,262,9
524,1310,262,7
525,1313,263,5
526,1315,263,2
527,1318,264,7
528,1320,264,5
529,1323,265,3
530,1325,265,5
531,1328,266,8
532,1330,266,3
533,1333,267,3
534,1335,267,8
535,1338,268,7
536,1340,268,2
537,1343,269,1
538,1345,269,6
539,1348,270,7
540,1350,270,2
541,1353,271,8
542,1355,271,6
543,1358,272,4
544,1360,272,2
545,1363,273,4
546,1365,273,3
547,1368,274,9
548,1370,274,4
549,1373,275,6
550,1375,275,6
551,1378,276,3
552,1380,276,5
553,1383,277,6
554,1385,277,7
555,1388,278,6
556,1390,278,5
557,1393,279,8
558,1395,279,7
559,1398,280,8
560,1400,280,7
561,1403,281,3
562,1405,281,6
563,1408,282,4
564,1410,282,2
565,1413,283,4
566,1415,283,5
567,1418,284,7
568,1420,284,8
569,1423,285,3
570,1425,285,9
571,1428,286,7
572,1430,286,6
573,1433,287,8
574,1435,287,1
575,1438,288,6
576,1440,288,2
577,1443,289,7
578,1445,289,4
579,1448,290,6
580,1450,290,2
581,1453,291,3
582,1455,291,2
583,1458,292,8
584,1460,292,3
585,1463,293,3
586,1465,293,6
587,1468,294,8
588,1470,294,4
589,1473,295,5
590,1475,295,9
591,1478,296,2
592,1480,296,4
593,1483,297,4
594,1485,297,3
595,1488,298,1
596,1490,298,7
597,1493,299,7
598,1495,299,5
599,1498,300,5
600,1500,300,9
601,1503,301,7
602,1505,301,4
603,1508,302,4
604,1510,302,8
605,1513,303,6
606,1515,303,7
607,1518,304,8
608,1520,304,5
609,1523,305,9
610,1525,305,1
611,1528,306,9
612,1530,306,8
613,1533,307,6
614,1535,307,9
615,1538,308,2
616,1540,308,6
617,1543,309,7
618,1545,309,5
619,1548,310,8
620,1550,310,3
621,1553,311,2
622,1555,311,8
623,1558,312,1
624,1560,312,9
625,1563,313,7
626,1565,313,5
627,1568,314,4
628,1570,314,9
629,1573,315,7
630,1575,315,2
631,1578,316,6
632,1580,316,1
633,1583,317,5
634,1585,317,5
635,1588,318,9
636,1590,318,6
637,1593,319,3
638,1595,319,5
639,1598,320,7
640,1600,320,2
641,1603,321,9
642,1605,321,6
643,1608,322,6
644,1610,322,2
645,1613,323,3
646,1615,323,9
647,1618,324,9
648,1620,324,6
649,1623,325,4
650,1625,325,8
651,1628,326,3
652,1630,326,9
653,1633,327,1
654,1635,327,3
655,1638,328,1
656,1640,328,6
657,1643,329,5
658,1645,329,2
659,1648,330,2
660,1650,330,3
661,1653,331,6
662,1655,331,4
663,1658,332,8
664,1660,332,1
665,1663,333,2
666,1665,333,9
667,1668,334,4
668,1670,334,6
669,1673,335,1
670,1675,335,2
671,1678,336,6
672,1680,336,5
673,1683,337,2
674,1685,337,8
675,1688,338,3
676,1690,338,9
677,1693,339,4
678,1695,339,6
679,1698,340,7
680,1700,340,1
681,1703,341,5
682,1705,341,9
683,1708,342,9
684,1710,342,4
685,1713,343,5
686,1715,343,2
687,1718,344,3
688,1720,344,4
689,1723,345,1
690,1725,345,8
691,1728,346,6
692,1730,346,7
693,1733,347,5
694,1735,347,2
695,1738,348,8
696,1740,348,2
697,1743,349,4
698,1745,349,2
699,1748,350,6
700,1750,350,2
701,1753,351,2
702,1755,351,2
703,1758,352,5
704,1760,352,8
705,1763,353,4
706,1765,353,6
707,1768,354,6
708,1770,354,2
709,1773,355,6
710,1775,355,8
711,1778,356,4
712,1780,356,8
713,1783,357,3
714,1785,357,4
715,1788,358,3
716,1790,358,9
717,1793,359,2
718,1795,359,7
719,1798,360,4
720,1800,360,9
721,1803,361,1
722,1805,361,4
723,1808,362,4
724,1810,362,2
725,1813,363,9
726,1815,363,3
727,1818,364,9
728,1820,364,8
729,1823,365,7
730,1825,365,7
731,1828,366,8
732,1830,366,4
733,1833,367,4
734,1835,367,7
735,1838,368,3
736,1840,368,3
737,1843,369,1
738,1845,369,2
739,1848,370,2
740,1850,370,5
741,1853,371,9
742,1855,371,8
743,1858,372,6
744,1860,372,4
745,1863,373,8
746,1865,373,4
747,1868,374,6
748,1870,374,5
749,1873,375,8
750,1875,375,3
751,1878,376,5
752,1880,376,5
753,1883,377,9
754,1885,377,8
755,1888,378,2
756,1890,378,9
757,1893,379,6
758,1895,379,5
759,1898,380,1
760,1900,380,2
761,1903,381,6
762,1905,381,1
763,1908,382,3
764,1910,382,9
765,1913,383,9
766,1915,383,5
767,1918,384,2
768,1920,384,3
769,1923,385,4
770,1925,385,7
771,1928,386,5
772,1930,386,7
773,1933,387,8
774,1935,387,4
775,1938,388,2
776,1940,388,9
777,1943,389,1
778,1945,389,5
779,1948,390,9
780,1950,390,5
781,1953,391,9
782,1955,391,6
783,1958,392,6
784,1960,392,3
785,1963,393,5
786,1965,393,4
787,1968,394,9
788,1970,394,6
789,1973,395,6
790,1975,395,4
791,1978,396,5
792,1980,396,7
793,1983,397,8
794,1985,397,9
795,1988,398,3
796,1990,398,9
797,1993,399,4
798,1995,399,5
799,1998,400,7
800,2000,400,1
801,2003,401,3
802,2005,401,2
803,2008,402,6
804,2010,402,7
805,2013,403,5
806,2015,403,4
807,2018,404,6
808,2020,404,7
809,2023,405,1
810,2025,405,6
811,2028,406,8
812,2030,406,7
813,2033,407,6
814,2035,407,5
815,2038,408,4
816,2040,408,1
817,2043,409,6
818,2045,409,2
819,2048,410,3
820,2050,410,3
821,2053,411,6
822,2055,411,6
823,2058,412,8
824,2060,412,9
825,2063,413,9
826,2065,413,6
827,2068,414,9
828,2070,414,7
829,2073,415,8
830,2075,415,4
831,2078,416,8
832,2080,416,4
833,2083,417,6
834,2085,417,2
835,2088,418,3
836,2090,418,8
837,2093,419,1
838,2095,419,8
839,2098,420,4
840,2100,420,5
841,2103,421,5
842,2105,421,5
843,2108,422,5
844,2110,422,7
845,2113,423,6
846,2115,423,5
847,2118,424,9
848,2120,424,2
849,2123,425,6
850,2125,425,1
851,2128,426,9
852,2130,426,9
853,2133,427,9
854,2135,427,1
855,2138,428,5
856,2140,428,9
857,2143,429,7
858,2145,429,3
859,2148,430,9
860,2150,430,5
861,2153,431,2
862,2155,431,5
863,2158,432,5
864,2160,432,4
865,2163,433,9
866,2165,433,1
867,2168,434,9
868,2170,434,1
869,2173,435,8
870,2175,435,9
871,2178,436,1
872,2180,436,5
873,2183,437,4
874,2185,437,8
875,2188,438,1
876,2190,438,9
877,2193,439,8
878,2195,439,6
879,2198,440,1
880,2200,440,9
881,2203,441,1
882,2205,441,3
883,2208,442,5
884,2210,442,9
885,2213,443,1
886,2215,443,6
887,2218,444,3
888,2220,444,3
889,2223,445,5
890,2225,445,9
891,2228,446,1
892,2230,446,3
893,2233,447,1
894,2235,447,7
895,2238,448,3
896,2240,448,4
897,2243,449,6
898,2245,449,4
899,2248,450,9
900,2250,450,8
901,2253,451,6
902,2255,451,4
903,2258,452,9
904,2260,452,2
905,2263,453,8
906,2265,453,5
907,2268,454,2
908,2270,454,5
909,2273,455,4
910,2275,455,1
911,2278,456,6
912,2280,456,6
913,2283,457,5
914,2285,457,6
915,2288,458,9
916,2290,458,1
917,2293,459,8
918,2295,459,5
919,2298,460,3
920,2300,460,3
921,2303,461,4
922,2305,461,1
923,2308,462,3
924,2310,462,2
925,2313,463,2
926,2315,463,2
927,2318,464,3
928,2320,464,5
929,2323,465,7
930,2325,465,9
931,2328,466,5
932,2330,466,3
933,2333,467,4
934,2335,467,3
935,2338,468,9
936,2340,468,2
937,2343,469,9
938,2345,469,7
939,2348,470,6
940,2350,470,9
941,2353,471,1
942,2355,471,4
943,2358,472,7
944,2360,472,3
945,2363,473,3
946,2365,473,7
947,2368,474,5
948,2370,474,1
949,2373,475,9
950,2375,475,8
951,2378,476,8
952,2380,476,1
953,2383,477,8
954,2385,477,8
955,2388,478,8
956,2390,478,3
957,2393,479,8
958,2395,479,9
959,2398,480,7
960,2400,480,1
961,2403,481,4
962,2405,481,9
963,2408,482,3
964,2410,482,2
965,2413,483,1
966,2415,483,8
967,2418,484,2
968,2420,484,7
969,2423,485,4
970,2425,485,3
971,2428,486,8
972,2430,486,2
973,2433,487,1
974,2435,487,3
975,2438,488,5
976,2440,488,1
977,2443,489,1
978,2445,489,4
979,2448,490,8
980,2450,490,9
981,2453,491,3
982,2455,491,9
983,2458,492,5
984,2460,492,1
985,2463,493,8
986,2465,493,7
987,2468,494,1
988,2470,494,3
989,2473,495,5
990,2475,495,4
991,2478,496,4
992,2480,496,6
993,2483,497,8
994,2485,497,4
995,2488,498,8
996,2490,498,3
997,2493,499,4
998,2495,499,1
999,2498,500,2
1000,2500,500,7
1001,2503,501,5
1002,2505,501,1
1003,2508,502,3
1004,2510,502,8
1005,2513,503,9
1006,2515,503,1
1007,2518,504,3
1008,2520,504,1
1009,2523,505,5
1010,2525,505,5
1011,2528,506,5
1012,2530,506,1
1013,2533,507,9
1014,2535,507,4
1015,2538,508,3
1016,2540,508,3
1017,2543,509,5
1018,2545,509,9
1019,2548,510,3
1020,2550,510,9
1021,2553,511,1
1022,2555,511,6
1023,2558,512,5
1024,2560,512,9
1025,2563,513,5
1026,2565,513,1
1027,2568,514,9
1028,2570,514,8
1029,2573,515,6
1030,2575,515,6
1031,2578,516,7
1032,2580,516,8
1033,2583,517,5
1034,2585,517,1
1035,2588,518,3
1036,2590,518,2
1037,2593,519,6
1038,2595,519,6
1039,2598,520,4
1040,2600,520,5
1041,2603,521,6
1042,2605,521,9
1043,2608,522,9
1044,2610,522,1
1045,2613,523,9
1046,2615,523,6
1047,2618,524,2
1048,2620,524,9
1049,2623,525,6
1050,2625,525,7
1051,2628,526,8
1052,2630,526,8
1053,2633,527,5
1054,2635,527,6
1055,2638,528,1
1056,2640,528,1
1057,2643,529,4
1058,2645,529,9
1059,2648,530,2
1060,2650,530,2
1061,2653,531,4
1062,2655,531,7
1063,2658,532,9
1064,2660,532,7
1065,2663,533,5
1066,2665,533,3
1067,2668,534,3
1068,2670,534,2
1069,2673,535,1
1070,2675,535,5
1071,2678,536,3
1072,2680,536,9
1073,2683,537,1
1074,2685,537,1
1075,2688,538,9
1076,2690,538,1
1077,2693,539,2
1078,2695,539,5
1079,2698,540,4
1080,2700,540,5
1081,2703,541,2
1082,2705,541,3
1083,2708,542,5
1084,2710,542,2
1085,2713,543,7
1086,2715,543,6
1087,2718,544,4
1088,2720,544,8
1089,2723,545,1
1090,2725,545,9
1091,2728,546,2
1092,2730,546,9
1093,2733,547,7
1094,2735,547,7
1095,2738,548,9
1096,2740,548,8
1097,2743,549,7
1098,2745,549,4
1099,2748,550,7
1100,2750,550,7
1101,2753,551,7
1102,2755,551,4
1103,2758,552,3
1104,2760,552,7
1105,2763,553,9
1106,2765,553,2
1107,2768,554,5
1108,2770,554,3
1109,2773,555,7
1110,2775,555,4
1111,2778,556,1
1112,2780,556,1
1113,2783,557,3
1114,2785,557,3
1115,2788,558,7
1116,2790,558,5
1117,2793,559,5
1118,2795,559,3
1119,2798,560,9
1120,2800,560,2
1121,2803,561,5
1122,2805,561,9
1123,2808,562,9
1124,2810,562,4
1125,2813,563,1
1126,2815,563,1
1127,2818,564,7
1128,2820,564,9
1129,2823,565,5
1130,2825,565,9
1131,2828,566,4
1132,2830,566,7
1133,2833,567,9
1134,2835,567,1
1135,2838,568,5
1136,2840,568,6
1137,2843,569,6
1138,2845,569,3
1139,2848,570,8
1140,2850,570,7
1141,2853,571,2
1142,2855,571,9
1143,2858,572,1
1144,2860,572,4
1145,2863,573,8
1146,2865,573,9
1147,2868,574,9
1148,2870,574,4
1149,2873,575,7
1150,2875,575,6
1151,2878,576,6
1152,2880,576,6
1153,2883,577,4
1154,2885,577,3
1155,2888,578,5
1156,2890,578,4
1157,2893,579,3
1158,2895,579,9
1159,2898,580,4
1160,2900,580,1
1161,2903,581,4
1162,2905,581,9
1163,2908,582,9
1164,2910,582,3
1165,2913,583,1
1166,2915,583,8
1167,2918,584,4
1168,2920,584,2
1169,2923,585,8
1170,2925,585,6
1171,2928,586,2
1172,2930,586,2
1173,2933,587,3
1174,2935,587,9
1175,2938,588,5
1176,2940,588,3
1177,2943,589,4
1178,2945,589,1
1179,2948,590,2
1180,2950,590,6
1181,2953,591,5
1182,2955,591,2
1183,2958,592,9
1184,2960,592,7
1185,2963,593,2
1186,2965,593,7
1187,2968,594,4
1188,2970,594,3
1189,2973,595,5
1190,2975,595,8
1191,2978,596,8
1192,2980,596,3
1193,2983,597,5
1194,2985,597,7
1195,2988,598,9
1196,2990,598,5
1197,2993,599,3
1198,2995,599,5
1199,2998,600,2
1200,3000,600,4
1201,3003,601,9
1202,3005,601,9
1203,3008,602,7
1204,3010,602,3
1205,3013,603,3
1206,3015,603,5
1207,3018,604,4
1208,3020,604,3
1209,3023,605,7
1210,3025,605,1
1211,3028,606,1
1212,3030,606,4
1213,3033,607,4
1214,3035,607,3
1215,3038,608,2
1216,3040,608,5
1217,3043,609,6
1218,3045,609,8
1219,3048,610,5
1220,3050,610,5
1221,3053,611,9
1222,3055,611,1
1223,3058,612,3
1224,3060,612,8
1225,3063,613,6
1226,3065,613,2
1227,3068,614,2
1228,3070,614,1
1229,3073,615,6
1230,3075,615,9
1231,3078,616,2
1232,3080,616,8
1233,3083,617,5
1234,3085,617,2
1235,3088,618,6
1236,3090,618,1
1237,3093,619,3
1238,3095,619,8
1239,3098,620,5
1240,3100,620,4
1241,3103,621,3
1242,3105,621,6
1243,3108,622,6
1244,3110,622,2
1245,3113,623,2
1246,3115,623,7
1247,3118,624,7
1248,3120,624,1
1249,3123,625,9
1250,3125,625,9
1251,3128,626,3
1252,3130,626,5
1253,3133,627,1
1254,3135,627,1
1255,3138,628,6
1256,3140,628,6
1257,3143,629,5
1258,3145,629,6
1259,3148,630,8
1260,3150,630,8
1261,3153,631,6
1262,3155,631,5
1263,3158,632,1
1264,3160,632,4
1265,3163,633,9
1266,3165,633,1
1267,3168,634,1
1268,3170,634,7
1269,3173,635,7
1270,3175,635,3
1271,3178,636,7
1272,3180,636,5
1273,3183,637,3
1274,3185,637,9
1275,3188,638,7
1276,3190,638,9
1277,3193,639,6
1278,3195,639,7
1279,3198,640,5
1280,3200,640,4
1281,3203,641,9
1282,3205,641,3
1283,3208,642,5
1284,3210,642,2
1285,3213,643,4
1286,3215,643,3
1287,3218,644,1
1288,3220,644,3
1289,3223,645,4
1290,3225,645,5
1291,3228,646,2
1292,3230,646,8
1293,3233,647,3
1294,3235,647,9
1295,3238,648,9
1296,3240,648,5
1297,3243,649,6
1298,3245,649,5
1299,3248,650,3
1300,3250,650,5
1301,3253,651,8
1302,3255,651,6
1303,3258,652,5
1304,3260,652,9
1305,3263,653,3
1306,3265,653,9
1307,3268,654,6
1308,3270,654,6
1309,3273,655,8
1310,3275,655,7
1311,3278,656,3
1312,3280,656,3
1313,3283,657,8
1314,3285,657,3
1315,3288,658,9
1316,3290,658,3
1317,3293,659,2
1318,3295,659,6
1319,3298,660,6
1320,3300,660,8
1321,3303,661,6
1322,3305,661,9
1323,3308,662,9
1324,3310,662,5
1325,3313,663,3
1326,3315,663,2
1327,3318,664,3
1328,3320,664,6
1329,3323,665,9
1330,3325,665,3
1331,3328,666,9
1332,3330,666,1
1333,3333,667,4
1334,3335,667,6
1335,3338,668,6
1336,3340,668,7
1337,3343,669,5
1338,3345,669,4
1339,3348,670,3
1340,3350,670,2
1341,3353,671,7
1342,3355,671,9
1343,3358,672,8
1344,3360,672,6
1345,3363,673,8
1346,3365,673,1
1347,3368,674,1
1348,3370,674,2
1349,3373,675,5
1350,3375,675,7
1351,3378,676,7
1352,3380,676,1
1353,3383,677,3
1354,3385,677,5
1355,3388,678,1
1356,3390,678,9
1357,3393,679,5
1358,3395,679,2
1359,3398,680,1
1360,3400,680,3
1361,3403,681,3
1362,3405,681,9
1363,3408,682,8
1364,3410,682,6
1365,3413,683,5
1366,3415,683,7
1367,3418,684,3
1368,3420,684,1
1369,3423,685,6
1370,3425,685,7
1371,3428,686,8
1372,3430,686,7
1373,3433,687,9
1374,3435,687,9
1375,3438,688,1
1376,3440,688,9
1377,3443,689,3
1378,3445,689,6
1379,3448,690,9
1380,3450,690,3
1381,3453,691,2
1382,3455,691,7
1383,3458,692,9
1384,3460,692,3
1385,3463,693,6
1386,3465,693,1
1387,3468,694,7
1388,3470,694,7
1389,3473,695,7
1390,3475,695,2
1391,3478,696,4
1392,3480,696,8
1393,3483,697,5
1394,3485,697,3
1395,3488,698,2
1396,3490,698,1
1397,3493,699,9
1398,3495,699,3
1399,3498,700,9
1400,3500,700,1
1401,3503,701,9
1402,3505,701,7
1403,3508,702,3
1404,3510,702,2
1405,3513,703,3
1406,3515,703,7
1407,3518,704,6
1408,3520,704,5
1409,3523,705,9
1410,3525,705,6
1411,3528,706,6
1412,3530,706,8
1413,3533,707,3
1414,3535,707,7
1415,3538,708,6
1416,3540,708,9
1417,3543,709,6
1418,3545,709,3
1419,3548,710,8
1420,3550,710,6
1421,3553,711,9
1422,3555,711,3
1423,3558,712,2
1424,3560,712,6
1425,3563,713,7
1426,3565,713,7
1427,3568,714,8
1428,3570,714,2
1429,3573,715,9
1430,3575,715,4
1431,3578,716,1
1432,3580,716,8
1433,3583,717,2
1434,3585,717,2
1435,3588,718,2
1436,3590,718,4
1437,3593,719,9
1438,3595,719,4
1439,3598,720,7
1440,3600,720,3
1441,3603,721,1
1442,3605,721,3
1443,3608,722,9
1444,3610,722,5
1445,3613,723,9
1446,3615,723,7
1447,3618,724,1
1448,3620,724,3
1449,3623,725,3
1450,3625,725,6
1451,3628,726,2
1452,3630,726,8
1453,3633,727,3
1454,3635,727,4
1455,3638,728,8
1456,3640,728,8
1457,3643,729,9
1458,3645,729,8
1459,3648,730,4
1460,3650,730,6
1461,3653,731,1
1462,3655,731,9
1463,3658,732,1
1464,3660,732,8
1465,3663,733,4
1466,3665,733,8
1467,3668,734,2
1468,3670,734,4
1469,3673,735,5
1470,3675,735,9
1471,3678,736,7
1472,3680,736,5
1473,3683,737,6
1474,3685,737,6
1475,3688,738,2
1476,3690,738,8
1477,3693,739,4
1478,3695,739,7
1479,3698,740,7
1480,3700,740,1
1481,3703,741,9
1482,3705,741,4
1483,3708,742,5
1484,3710,742,6
1485,3713,743,5
1486,3715,743,8
1487,3718,744,4
1488,3720,744,3
1489,3723,745,6
1490,3725,745,1
1491,3728,746,7
1492,3730,746,1
1493,3733,747,2
1494,3735,747,5
1495,3738,748,1
1496,3740,748,7
1497,3743,749,7
1498,3745,749,2
1499,3748,750,3
1500,3750,750,9
1501,3753,751,3
1502,3755,751,8
1503,3758,752,3
1504,3760,752,5
1505,3763,753,7
1506,3765,753,8
1507,3768,754,6
1508,3770,754,6
1509,3773,755,3
1510,3775,755,1
1511,3778,756,2
1512,3780,756,5
1513,3783,757,2
1514,3785,757,5
1515,3788,758,2
1516,3790,758,2
1517,3793,759,4
1518,3795,759,2
1519,3798,760,2
1520,3800,760,4
1521,3803,761,4
1522,3805,761,3
1523,3808,762,9
1524,3810,762,2
1525,3813,763,8
1526,3815,763,4
1527,3818,764,1
1528,3820,764,5
1529,3823,765,4
1530,3825,765,7
1531,3828,766,3
1532,3830,766,1
1533,3833,767,1
1534,3835,767,8
1535,3838,768,6
1536,3840,768,2
1537,3843,769,4
1538,3845,769,3
1539,3848,770,3
1540,3850,770,6
1541,3853,771,3
1542,3855,771,7
1543,3858,772,9
1544,3860,772,2
1545,3863,773,7
1546,3865,773,7
1547,3868,774,2
1548,3870,774,2
1549,3873,775,9
1550,3875,775,3
1551,3878,776,2
1552,3880,776,7
1553,3883,777,6
1554,3885,777,3
1555,3888,778,8
1556,3890,778,7
1557,3893,779,5
1558,3895,779,3
1559,3898,780,2
1560,3900,780,3
1561,3903,781,5
1562,3905,781,8
1563,3908,782,2
1564,3910,782,5
1565,3913,783,8
1566,3915,783,3
1567,3918,784,6
1568,3920,784,7
1569,3923,785,7
1570,3925,785,6
1571,3928,786,1
1572,3930,786,1
1573,3933,787,2
1574,3935,787,2
1575,3938,788,6
1576,3940,788,4
1577,3943,789,8
1578,3945,789,7
1579,3948,790,8
1580,3950,790,7
1581,3953,791,7
1582,3955,791,9
1583,3958,792,8
1584,3960,792,3
1585,3963,793,7
1586,3965,793,1
1587,3968,794,6
1588,3970,794,1
1589,3973,795,9
1590,3975,795,1
1591,3978,796,6
1592,3980,796,8
1593,3983,797,4
1594,3985,797,4
1595,3988,798,7
1596,3990,798,6
1597,3993,799,1
1598,3995,799,3
1599,3998,800,1
1600,4000,800,1
1601,4003,801,1
1602,4005,801,3
1603,4008,802,1
1604,4010,802,4
1605,4013,803,3
1606,4015,803,6
1607,4018,804,1
1608,4020,804,5
1609,4023,805,1
1610,4025,805,8
1611,4028,806,9
1612,4030,806,5
1613,4033,807,2
1614,4035,807,3
1615,4038,808,8
1616,4040,808,1
1617,4043,809,9
1618,4045,809,6
1619,4048,810,3
1620,4050,810,5
1621,4053,811,3
1622,4055,811,7
1623,4058,812,1
1624,4060,812,2
1625,4063,813,3
1626,4065,813,4
1627,4068,814,6
1628,4070,814,6
1629,4073,815,2
1630,4075,815,1
1631,4078,816,8
1632,4080,816,7
1633,4083,817,5
1634,4085,817,5
1635,4088,818,9
1636,4090,818,5
1637,4093,819,3
1638,4095,819,2
1639,4098,820,6
1640,4100,820,8
1641,4103,821,5
1642,4105,821,8
1643,4108,822,6
1644,4110,822,3
1645,4113,823,7
1646,4115,823,1
1647,4118,824,5
1648,4120,824,3
1649,4123,825,8
1650,4125,825,6
1651,4128,826,3
1652,4130,826,5
1653,4133,827,9
1654,4135,827,6
1655,4138,828,8
1656,4140,828,4
1657,4143,829,8
1658,4145,829,5
1659,4148,830,8
1660,4150,830,1
1661,4153,831,6
1662,4155,831,3
1663,4158,832,7
1664,4160,832,2
1665,4163,833,6
1666,4165,833,2
1667,4168,834,8
1668,4170,834,2
1669,4173,835,5
1670,4175,835,8
1671,4178,836,9
1672,4180,836,2
1673,4183,837,9
1674,4185,837,7
1675,4188,838,2
1676,4190,838,4
1677,4193,839,9
1678,4195,839,9
1679,4198,840,3
1680,4200,840,2
1681,4203,841,1
1682,4205,841,5
1683,4208,842,1
1684,4210,842,6
1685,4213,843,9
1686,4215,843,8
1687,4218,844,6
1688,4220,844,4
1689,4223,845,8
1690,4225,845,7
1691,4228,846,4
1692,4230,846,1
1693,4233,847,1
1694,4235,847,3
1695,4238,848,9
1696,4240,848,6
1697,4243,849,3
1698,4245,849,4
1699,4248,850,7
1700,4250,850,1
1701,4253,851,2
1702,4255,851,2
1703,4258,852,8
1704,4260,852,5
1705,4263,853,6
1706,4265,853,5
1707,4268,854,1
1708,4270,854,5
1709,4273,855,5
1710,4275,855,9
1711,4278,856,8
1712,4280,856,1
1713,4283,857,8
1714,4285,857,9
1715,4288,858,3
1716,4290,858,1
1717,4293,859,6
1718,4295,859,5
1719,4298,860,6
1720,4300,860,5
1721,4303,861,1
1722,4305,861,8
1723,4308,862,6
1724,4310,862,5
1725,4313,863,6
1726,4315,863,8
1727,4318,864,8
1728,4320,864,3
1729,4323,865,6
1730,4325,865,1
1731,4328,866,6
1732,4330,866,8
1733,4333,867,7
1734,4335,867,7
1735,4338,868,7
1736,4340,868,4
1737,4343,869,5
1738,4345,869,1
1739,4348,870,9
1740,4350,870,4
1741,4353,871,9
1742,4355,871,1
1743,4358,872,7
1744,4360,872,7
1745,4363,873,7
1746,4365,873,5
1747,4368,874,9
1748,4370,874,4
1749,4373,875,6
1750,4375,875,1
1751,4378,876,2
1752,4380,876,6
1753,4383,877,9
1754,4385,877,8
1755,4388,878,6
1756,4390,878,5
1757,4393,879,3
1758,4395,879,9
1759,4398,880,4
1760,4400,880,2
1761,4403,881,8
1762,4405,881,3
1763,4408,882,1
1764,4410,882,7
1765,4413,883,9
1766,4415,883,5
1767,4418,884,5
1768,4420,884,7
1769,4423,885,8
1770,4425,885,6
1771,4428,886,1
1772,4430,886,4
1773,4433,887,1
1774,4435,887,2
1775,4438,888,5
1776,4440,888,6
1777,4443,889,7
1778,4445,889,2
1779,4448,890,6
1780,4450,890,9
1781,4453,891,1
1782,4455,891,9
1783,4458,892,7
1784,4460,892,5
1785,4463,893,5
1786,4465,893,1
1787,4468,894,3
1788,4470,894,2
1789,4473,895,7
1790,4475,895,1
1791,4478,896,5
1792,4480,896,8
1793,4483,897,1
1794,4485,897,9
1795,4488,898,2
1796,4490,898,5
1797,4493,899,4
1798,4495,899,7
1799,4498,900,2
1800,4500,900,3
1801,4503,901,3
1802,4505,901,8
1803,4508,902,4
1804,4510,902,6
1805,4513,903,2
1806,4515,903,6
1807,4518,904,7
1808,4520,904,6
1809,4523,905,1
1810,4525,905,9
1811,4528,906,5
1812,4530,906,4
1813,4533,907,9
1814,4535,907,3
1815,4538,908,6
1816,4540,908,7
1817,4543,909,6
1818,4545,909,4
1819,4548,910,3
1820,4550,910,5
1821,4553,911,7
1822,4555,911,8
1823,4558,912,7
1824,4560,912,2
1825,4563,913,4
1826,4565,913,4
1827,4568,914,1
1828,4570,914,4
1829,4573,915,4
1830,4575,915,4
1831,4578,916,9
1832,4580,916,9
1833,4583,917,9
1834,4585,917,6
1835,4588,918,1
1836,4590,918,6
1837,4593,919,7
1838,4595,919,8
1839,4598,920,9
1840,4600,920,9
1841,4603,921,8
1842,4605,921,1
1843,4608,922,5
1844,4610,922,4
1845,4613,923,8
1846,4615,923,4
1847,4618,924,2
1848,4620,924,4
1849,4623,925,8
1850,4625,925,1
1851,4628,926,1
1852,4630,926,4
1853,4633,927,5
1854,4635,927,8
1855,4638,928,7
1856,4640,928,7
1857,4643,929,6
1858,4645,929,9
1859,4648,930,6
1860,4650,930,9
1861,4653,931,2
1862,4655,931,5
1863,4658,932,4
1864,4660,932,2
1865,4663,933,8
1866,4665,933,2
1867,4668,934,9
1868,4670,934,5
1869,4673,935,6
1870,4675,935,9
1871,4678,936,6
1872,4680,936,1
1873,4683,937,9
1874,4685,937,3
1875,4688,938,4
1876,4690,938,7
1877,4693,939,9
1878,4695,939,7
1879,4698,940,5
1880,4700,940,4
1881,4703,941,5
1882,4705,941,6
1883,4708,942,8
1884,4710,942,4
1885,4713,943,7
1886,4715,943,7
1887,4718,944,8
1888,4720,944,4
1889,4723,945,5
1890,4725,945,1
1891,4728,946,8
1892,4730,946,5
1893,4733,947,2
1894,4735,947,9
1895,4738,948,3
1896,4740,948,1
1897,4743,949,5
1898,4745,949,7
1899,4748,950,9
1900,4750,950,9
1901,4753,951,1
1902,4755,951,8
1903,4758,952,5
1904,4760,952,5
1905,4763,953,3
1906,4765,953,8
1907,4768,954,5
1908,4770,954,6
1909,4773,955,3
1910,4775,955,5
1911,4778,956,5
1912,4780,956,3
1913,4783,957,7
1914,4785,957,2
1915,4788,958,8
1916,4790,958,2
1917,4793,959,6
1918,4795,959,2
1919,4798,960,8
1920,4800,960,8
1921,4803,961,8
1922,4805,961,5
1923,4808,962,3
1924,4810,962,6
1925,4813,963,1
1926,4815,963,9
1927,4818,964,5
1928,4820,964,1
1929,4823,965,8
1930,4825,965,1
1931,4828,966,4
1932,4830,966,4
1933,4833,967,5
1934,4835,967,4
1935,4838,968,5
1936,4840,968,6
1937,4843,969,8
1938,4845,969,7
1939,4848,970,8
1940,4850,970,8
1941,4853,971,9
1942,4855,971,4
1943,4858,972,2
1944,4860,972,6
1945,4863,973,3
1946,4865,973,1
1947,4868,974,6
1948,4870,974,9
1949,4873,975,6
1950,4875,975,1
1951,4878,976,9
1952,4880,976,4
1953,4883,977,4
1954,4885,977,9
1955,4888,978,3
1956,4890,978,6
1957,4893,979,1
1958,4895,979,2
1959,4898,980,4
1960,4900,980,2
1961,4903,981,1
1962,4905,981,4
1963,4908,982,7
1964,4910,982,1
1965,4913,983,9
1966,4915,983,1
1967,4918,984,4
1968,4920,984,6
1969,4923,985,4
1970,4925,985,3
1971,4928,986,8
1972,4930,986,8
1973,4933,987,9
1974,4935,987,7
1975,4938,988,7
1976,4940,988,2
1977,4943,989,9
1978,4945,989,7
1979,4948,990,5
1980,4950,990,1
1981,4953,991,6
1982,4955,991,6
1983,4958,992,9
1984,4960,992,5
1985,4963,993,6
1986,4965,993,6
1987,4968,994,9
1988,4970,994,4
1989,4973,995,3
1990,4975,995,1
1991,4978,996,6
1992,4980,996,1
1993,4983,997,9
1994,4985,997,8
1995,4988,998,1
1996,4990,998,7
1997,4993,999,6
1998,4995,999,3
1999,4998,1000,8
2000,5000,1000,5
