0,0,0,1/1/2000,default
1,721,1,5/2/2015,nttv
2,1751,2,7/3/2010,htqg
3,3751,3,2/21/2013,liuq
4,3966,4,3/16/2016,kdkz
5,1456,5,4/3/2010,biaa
6,1991,6,9/25/2016,ubxi
7,1326,7,3/1/2017,erkm
8,286,8,1/29/2008,wjbg
9,1356,9,7/22/2015,trld
10,3176,10,10/22/2009,vzoa
11,3441,11,12/2/2015,ffsg
12,1726,12,4/27/2017,hgxd
13,1571,13,12/25/2007,oibu
14,411,14,1/16/2009,lnye
15,626,15,3/5/2014,ocuv
16,1206,16,10/9/2011,gqqd
17,3576,17,7/22/2018,hhtg
18,736,18,6/18/2010,kwyu
19,1726,19,1/28/2014,ooer
20,3571,20,2/17/2011,fgap
21,2886,21,3/14/2014,eqze
22,1921,22,4/2/2018,bwvk
23,2221,23,6/9/2016,zfjw
24,3871,24,8/24/2007,mzyk
25,2376,25,10/28/2006,wkyo
26,3621,26,7/12/2006,ieme
27,3296,27,12/11/2005,zmtz
28,4596,28,3/22/2018,qaom
29,851,29,11/8/2016,ldpw
30,4391,30,7/9/2016,yesu
31,621,31,2/17/2017,qqzi
32,3901,32,5/20/2015,mhjw
33,1836,33,1/8/2011,ticl
34,3226,34,9/11/2012,ntbe
35,2056,35,8/25/2018,yqpq
36,2466,36,8/26/2008,qrep
37,1861,37,3/3/2018,biir
38,2496,38,4/24/2006,bzzk
39,1621,39,8/7/2017,pmov
40,3771,40,8/26/2014,ymyd
41,2341,41,2/7/2012,zvds
42,1856,42,9/18/2013,ynmb
43,3611,43,11/24/2009,dcph
44,3561,44,3/13/2017,cnds
45,2541,45,7/3/2011,jpmp
46,936,46,4/3/2016,qpac
47,4166,47,6/23/2012,lcaw
48,676,48,9/12/2017,trhe
49,1476,49,3/21/2008,dwiu
50,4246,50,4/18/2010,ulac
51,2466,51,2/12/2018,ndcl
52,2206,52,7/18/2010,wndn
53,4296,53,8/1/2005,vlja
54,1056,54,6/21/2011,qpdt
55,2166,55,11/14/2010,jbiw
56,2271,56,1/16/2015,yvyw
57,1286,57,3/6/2011,ltoz
58,631,58,12/17/2005,whmb
59,4646,59,5/17/2015,ciov
60,4716,60,5/14/2005,yzzt
61,2026,61,2/18/2010,ayoi
62,3241,62,11/25/2012,mrri
63,2696,63,10/9/2018,wirz
64,2451,64,7/21/2006,bwti
65,2816,65,3/7/2010,gjpq
66,1461,66,10/10/2009,hfwm
67,2006,67,11/24/2009,oapm
68,4826,68,3/27/2006,efhw
69,3771,69,9/27/2013,jzjm
70,4626,70,12/10/2017,siou
71,2266,71,7/26/2010,gary
72,1011,72,1/28/2013,ppbu
73,3311,73,4/5/2017,eidy
74,3486,74,10/9/2014,mrqj
75,56,75,9/3/2007,ictd
76,761,76,11/2/2006,ftlm
77,141,77,8/4/2018,psnl
78,631,78,6/4/2014,cfkq
79,4611,79,12/11/2008,wcxk
80,1786,80,11/3/2017,mabl
81,3376,81,12/29/2015,rrbb
82,4796,82,8/2/2006,fmpi
83,451,83,6/9/2013,jtml
84,4221,84,11/13/2005,fhrb
85,11,85,11/2/2018,omfy
86,1886,86,5/1/2018,pqff
87,1406,87,4/26/2014,sjgi
88,3026,88,6/22/2013,comw
89,1686,89,2/29/2016,ztsx
90,3616,90,10/11/2017,used
91,1226,91,2/4/2014,hdzy
92,2931,92,7/29/2006,xphc
93,3826,93,2/11/2005,zhxf
94,4391,94,4/12/2005,xwmf
95,1581,95,1/2/2006,grzv
96,3971,96,9/16/2018,qxef
97,3381,97,12/30/2008,xuzq
98,3826,98,3/25/2016,htea
99,976,99,10/7/2009,pimc
100,2201,100,4/20/2008,qsmh
101,3001,101,8/10/2010,ciig
102,1321,102,11/11/2013,wczw
103,2626,103,5/17/2013,cyvs
104,1856,104,6/10/2011,ddng
105,4436,105,9/29/2012,ujqp
106,1341,106,9/29/2008,fbhz
107,4356,107,3/20/2011,dolp
108,4301,108,3/17/2007,psdu
109,3831,109,4/11/2007,eyny
110,3291,110,10/8/2011,ojkc
111,2816,111,2/24/2010,offi
112,4931,112,2/16/2009,dmbz
113,4066,113,1/17/2018,dwny
114,1421,114,4/27/2014,mmcw
115,3941,115,5/15/2014,kmsw
116,606,116,7/1/2010,wwfm
117,3591,117,4/18/2016,uzgp
118,2771,118,3/15/2017,fyng
119,3706,119,4/8/2014,eizt
120,4186,120,2/14/2007,nfbv
121,196,121,12/3/2006,iprv
122,4791,122,12/16/2010,haqk
123,1266,123,11/2/2009,tixg
124,496,124,11/25/2015,krwh
125,2176,125,2/21/2015,pbob
126,3691,126,5/24/2010,aapf
127,1351,127,2/13/2010,okia
128,3016,128,12/21/2005,nucu
129,4146,129,11/23/2007,xigx
130,1696,130,4/16/2009,xlbq
131,3111,131,1/2/2015,sfsu
132,1151,132,2/5/2015,iccd
133,1681,133,5/30/2013,rmir
134,2636,134,9/12/2015,bpqx
135,846,135,9/20/2013,tjwq
136,951,136,3/19/2005,ndzr
137,4176,137,11/26/2008,iqns
138,3481,138,10/9/2013,fwku
139,2546,139,3/12/2015,incb
140,3831,140,10/28/2009,olrp
141,4156,141,12/19/2016,yvvn
142,1976,142,8/27/2017,eklr
143,4321,143,12/19/2017,lrqe
144,151,144,7/13/2013,svlv
145,86,145,3/4/2016,obau
146,1531,146,8/23/2011,yoit
147,3011,147,8/22/2009,chpu
148,3481,148,3/10/2012,momx
149,3441,149,10/27/2016,aifn
150,3346,150,4/20/2013,ldrv
151,4661,151,8/7/2007,zynd
152,1871,152,4/1/2009,uhvj
153,2501,153,7/2/2018,vxgm
154,3701,154,5/8/2017,efkf
155,3086,155,9/17/2009,odzo
156,3346,156,2/22/2010,dwga
157,3486,157,3/5/2014,okwb
158,3401,158,5/4/2018,ccan
159,1546,159,12/7/2015,tnmf
160,1031,160,2/28/2013,vzbq
161,4861,161,3/15/2018,kgpk
162,3891,162,10/6/2015,npvl
163,726,163,6/21/2012,junt
164,4671,164,2/22/2016,wqay
165,1336,165,6/17/2012,uigu
166,3351,166,10/24/2018,canh
167,3646,167,5/13/2007,keyf
168,2516,168,10/29/2015,gjgx
169,4906,169,5/30/2009,fimu
170,2856,170,4/9/2009,mody
171,176,171,1/17/2018,djcr
172,1991,172,3/10/2014,mbmc
173,1136,173,6/11/2018,ffst
174,956,174,6/8/2012,wjee
175,4391,175,5/20/2008,dzmq
176,3991,176,4/21/2008,wnsm
177,2911,177,8/1/2016,icez
178,4411,178,6/16/2007,htce
179,4026,179,12/21/2006,mqki
180,796,180,2/17/2005,gefu
181,1711,181,3/1/2007,snkv
182,2091,182,4/22/2010,dymf
183,4406,183,4/19/2018,ppkw
184,2676,184,1/13/2014,iugd
185,4446,185,9/30/2007,cjzp
186,2216,186,12/30/2005,nxrs
187,131,187,3/2/2015,dsac
188,2001,188,7/10/2006,zzph
189,4456,189,6/29/2014,agov
190,391,190,7/30/2015,note
191,3086,191,4/10/2013,zaup
192,3361,192,11/21/2008,weui
193,1276,193,3/25/2005,oqhy
194,2411,194,5/28/2017,olyb
195,2646,195,7/2/2013,epqn
196,1356,196,3/26/2014,ynur
197,2146,197,12/29/2006,xmjn
198,486,198,1/16/2012,tror
199,2031,199,9/26/2009,kuto
200,4506,200,4/25/2017,glvw
201,4976,201,5/2/2010,gmqo
202,4336,202,6/5/2008,wxsj
203,2251,203,1/3/2013,ubnm
204,4076,204,5/5/2018,hxfp
205,1891,205,12/15/2005,xfih
206,3856,206,3/16/2011,uqbk
207,171,207,1/17/2005,kkky
208,2976,208,9/5/2011,mmvs
209,296,209,1/9/2013,qnkv
210,2606,210,6/19/2015,omkb
211,1596,211,4/21/2009,wuvg
212,4116,212,9/1/2018,nuwp
213,2981,213,9/20/2017,awea
214,4436,214,10/27/2009,psnz
215,3156,215,3/8/2013,dhjv
216,3911,216,3/18/2017,hywg
217,976,217,7/26/2009,zpst
218,4986,218,3/16/2017,xzqz
219,3621,219,6/9/2012,fnrv
220,4541,220,1/1/2011,dwvv
221,2691,221,10/20/2011,kxcf
222,4716,222,1/25/2018,xaqy
223,936,223,12/18/2016,vhtd
224,1471,224,8/17/2015,gnfx
225,2581,225,6/8/2012,vaya
226,806,226,9/6/2006,xkis
227,3831,227,4/20/2011,upos
228,2176,228,1/5/2010,xsbd
229,1291,229,5/5/2010,kvqp
230,2491,230,12/30/2008,jaee
231,151,231,1/28/2014,axuv
232,81,232,11/27/2012,hnfn
233,776,233,6/16/2006,ycua
234,4756,234,6/8/2006,juke
235,4106,235,2/10/2012,zuem
236,2126,236,6/11/2015,degn
237,3726,237,2/22/2011,rocn
238,4791,238,7/21/2008,gjnr
239,761,239,1/30/2011,tfbc
240,4346,240,2/3/2010,oahi
241,3551,241,11/9/2015,srlt
242,4466,242,4/25/2007,oyfu
243,826,243,6/7/2009,mnis
244,1691,244,4/3/2013,cjqa
245,1896,245,12/23/2007,aalh
246,3861,246,11/8/2008,ovqa
247,1456,247,12/20/2014,dmcq
248,186,248,12/22/2007,vqdi
249,166,249,10/22/2012,djob
250,1321,250,1/25/2015,yvtu
251,186,251,3/21/2011,aank
252,181,252,6/12/2007,mlhw
253,3951,253,6/24/2012,euya
254,306,254,6/25/2008,ytkq
255,1431,255,3/26/2011,kvuu
256,1731,256,9/3/2009,ajzf
257,3551,257,1/7/2017,iusq
258,2686,258,2/2/2018,ktxz
259,4926,259,2/8/2016,zvfw
260,911,260,2/25/2014,anau
261,3906,261,12/7/2015,tmii
262,1001,262,5/6/2005,rkpg
263,1061,263,6/15/2008,deuq
264,596,264,6/12/2005,nlwq
265,2641,265,3/10/2010,rbcs
266,1006,266,10/7/2008,sglx
267,2646,267,1/15/2018,opyz
268,886,268,7/7/2014,prrl
269,21,269,8/6/2005,drmu
270,4851,270,2/27/2010,vxjz
271,2101,271,8/10/2010,dpdq
272,4906,272,4/20/2018,taew
273,4651,273,4/23/2017,squq
274,591,274,7/11/2010,szjj
275,2641,275,12/16/2012,jvul
276,1801,276,7/19/2009,hzzw
277,2786,277,2/23/2015,ntru
278,96,278,2/2/2009,zfeh
279,1526,279,4/4/2006,dmgd
280,3476,280,11/30/2010,efpx
281,4801,281,8/26/2014,mwvl
282,3631,282,8/24/2006,ywdj
283,191,283,9/1/2007,attd
284,3371,284,6/19/2008,abjx
285,1556,285,9/16/2018,gplx
286,2266,286,1/18/2006,sdny
287,166,287,7/24/2007,quom
288,2126,288,11/25/2008,mcza
289,1201,289,12/1/2013,asit
290,2756,290,4/21/2005,yakg
291,2981,291,11/23/2017,flcx
292,1276,292,10/16/2009,zmkg
293,2266,293,1/17/2017,hedc
294,596,294,8/17/2010,hwcw
295,3676,295,7/27/2005,wzhc
296,4146,296,1/13/2009,fcie
297,3456,297,2/23/2015,ivqx
298,4881,298,9/16/2014,shvz
299,3901,299,8/10/2018,gbfc
300,4666,300,12/10/2014,ypvb
301,3776,301,12/7/2005,rbio
302,4291,302,6/9/2013,ciwq
303,336,303,3/2/2005,enbp
304,1151,304,10/26/2011,zfmu
305,2031,305,8/19/2015,dqbl
306,2626,306,5/22/2015,gkbq
307,81,307,12/22/2013,rlyn
308,3966,308,3/19/2010,qtxg
309,1201,309,5/16/2009,lker
310,2016,310,5/10/2010,qbor
311,2771,311,7/6/2014,wfwj
312,531,312,3/24/2006,pgpg
313,1626,313,4/7/2014,foyh
314,906,314,1/14/2012,doon
315,2371,315,7/4/2011,mjba
316,4121,316,9/8/2007,fpmd
317,956,317,5/26/2012,yprj
318,786,318,12/13/2017,hdcu
319,686,319,6/23/2017,gieo
320,116,320,9/26/2009,rtii
321,3261,321,1/26/2014,vkvj
322,3746,322,5/25/2005,osbq
323,3641,323,4/19/2006,heoz
324,4471,324,2/25/2007,kywu
325,3596,325,6/5/2012,nlxp
326,4011,326,1/3/2007,qiyc
327,4651,327,1/18/2017,torl
328,2596,328,9/21/2015,ybnp
329,991,329,5/8/2016,xhgc
330,2141,330,8/23/2013,ayba
331,4381,331,1/20/2018,xwoz
332,766,332,4/27/2012,mwjo
333,3516,333,6/19/2007,bprn
334,4011,334,11/7/2018,dhaq
335,1571,335,5/28/2015,yqom
336,1226,336,3/19/2009,magb
337,3871,337,6/20/2014,esml
338,4476,338,6/9/2016,qsap
339,2381,339,9/10/2005,mhrm
340,4241,340,10/29/2010,htut
341,3406,341,7/20/2010,dfgk
342,2041,342,7/19/2011,wvoc
343,4816,343,6/19/2009,jugs
344,2526,344,2/19/2011,qxci
345,1821,345,2/27/2005,jpho
346,396,346,7/5/2016,lcer
347,251,347,7/14/2006,mdtt
348,4436,348,5/21/2007,nude
349,3381,349,7/25/2008,uway
350,921,350,5/9/2009,sbjn
351,4006,351,5/23/2005,kmdr
352,4431,352,4/22/2017,kuwi
353,986,353,4/22/2010,zgaq
354,656,354,6/3/2009,cceh
355,221,355,1/9/2006,mica
356,3986,356,10/21/2011,ygkz
357,2406,357,9/24/2017,uccy
358,3006,358,12/28/2013,ibsu
359,4066,359,9/17/2015,uqgf
360,3711,360,5/13/2017,cezc
361,2046,361,4/14/2016,umja
362,1296,362,5/24/2005,oxmf
363,4031,363,1/15/2013,anoj
364,1841,364,10/20/2015,nfwh
365,1036,365,6/13/2017,eomb
366,71,366,8/14/2006,uhpz
367,3536,367,11/11/2015,lfpy
368,3101,368,6/11/2010,fovn
369,316,369,3/18/2017,sllu
370,121,370,5/29/2010,ewvn
371,916,371,8/20/2016,hmti
372,601,372,8/8/2009,kqpl
373,1051,373,5/28/2015,flxd
374,2761,374,10/14/2005,vntt
375,4961,375,1/28/2009,nlqv
376,571,376,12/2/2010,lyzb
377,4141,377,5/18/2005,xpwe
378,3996,378,6/27/2016,ycxr
379,266,379,8/14/2010,vvrr
380,3716,380,4/3/2010,ilis
381,3316,381,9/17/2012,sbar
382,4296,382,8/10/2013,adbh
383,3976,383,2/7/2008,vefz
384,3946,384,6/28/2013,fwmn
385,1531,385,5/5/2007,izno
386,111,386,1/3/2012,jdtv
387,1956,387,5/11/2006,uyyt
388,1731,388,5/19/2014,bupf
389,2511,389,7/11/2007,lvam
390,4696,390,6/9/2005,cbed
391,2641,391,6/3/2012,xpsw
392,4141,392,9/10/2006,bkdt
393,2576,393,2/29/2016,hytp
394,4796,394,7/28/2010,smif
395,2246,395,6/10/2007,coms
396,1141,396,9/28/2014,jexz
397,4576,397,1/23/2012,hkho
398,1906,398,8/9/2014,awfw
399,171,399,10/25/2005,ecao
400,4451,400,4/7/2011,pkuc
401,1391,401,6/18/2005,umuj
402,2616,402,9/12/2010,bjaw
403,1296,403,8/5/2009,qhtv
404,3956,404,11/9/2012,iygg
405,3851,405,10/6/2011,rcrg
406,3996,406,9/21/2009,chox
407,3321,407,12/20/2008,svtq
408,2686,408,7/28/2007,uiva
409,976,409,10/8/2015,lleg
410,3566,410,5/12/2012,beex
411,3656,411,10/6/2012,rvvc
412,3891,412,6/16/2008,xash
413,426,413,6/22/2010,fygf
414,4046,414,6/26/2016,pmte
415,2561,415,7/8/2008,qvpx
416,3806,416,7/5/2005,qaly
417,4596,417,6/20/2005,otsm
418,4381,418,7/25/2010,nvvp
419,3366,419,9/1/2018,hhst
420,3896,420,5/22/2016,chdc
421,4121,421,8/10/2015,zmmw
422,4361,422,6/4/2012,xnga
423,2406,423,4/15/2005,bkwg
424,4926,424,9/5/2005,ynfw
425,1306,425,8/29/2005,jqxz
426,301,426,1/28/2015,ffup
427,3451,427,5/1/2011,gdrj
428,3691,428,1/12/2005,yqhe
429,636,429,3/18/2015,nzwj
430,4451,430,11/24/2007,oavw
431,1886,431,11/5/2012,wfwx
432,1731,432,12/4/2005,jgqj
433,3856,433,8/28/2007,lbaq
434,2671,434,12/8/2014,vrvh
435,4971,435,5/13/2011,mnfl
436,1316,436,3/17/2015,ktfe
437,2296,437,1/14/2009,rhid
438,1106,438,8/28/2012,jylw
439,1211,439,4/11/2013,gznr
440,3776,440,11/11/2015,smfh
441,3971,441,8/5/2010,jmiv
442,441,442,1/26/2009,lsiz
443,346,443,5/7/2008,miuj
444,1846,444,6/22/2006,chbi
445,646,445,3/28/2011,xwrz
446,1726,446,9/3/2018,tcxo
447,1566,447,11/8/2013,jesr
448,4716,448,11/1/2010,fyzs
449,3476,449,6/17/2018,dqbg
450,2111,450,11/10/2016,reva
451,1871,451,11/4/2009,wyrm
452,4851,452,8/27/2009,jqwp
453,4691,453,3/7/2005,mrap
454,2851,454,12/21/2018,hody
455,2396,455,9/1/2007,sbks
456,1206,456,3/11/2010,rxvv
457,26,457,7/23/2005,tefc
458,2411,458,5/13/2014,upxq
459,561,459,7/12/2012,swyz
460,2281,460,5/12/2007,vlef
461,4021,461,7/1/2006,tpbg
462,3351,462,5/14/2010,mwxj
463,3726,463,12/6/2016,hbsi
464,4581,464,12/27/2015,sfjp
465,2411,465,2/1/2014,ajbq
466,1141,466,4/5/2018,tgmg
467,4171,467,6/6/2018,rxkw
468,3096,468,2/19/2008,ayyu
469,2706,469,2/8/2017,gfyq
470,4966,470,1/29/2007,albk
471,166,471,1/2/2018,rzid
472,4616,472,6/1/2016,huzg
473,4571,473,11/13/2015,ihuu
474,4991,474,3/15/2014,kcxf
475,3631,475,7/24/2006,asrw
476,1916,476,10/30/2018,gxre
477,1971,477,5/6/2017,bknf
478,3971,478,1/29/2015,wfmn
479,2056,479,7/2/2006,lqpa
480,2696,480,11/3/2009,lmgr
481,4201,481,5/21/2012,sbzm
482,3801,482,9/15/2016,gjqp
483,4876,483,1/11/2008,avzg
484,2346,484,12/28/2012,gptg
485,2906,485,11/18/2005,cora
486,4236,486,6/10/2011,juja
487,4236,487,7/1/2014,glkw
488,1191,488,7/23/2013,ugtx
489,151,489,7/26/2015,vtji
490,1161,490,7/21/2010,tout
491,1171,491,1/23/2013,leqy
492,2056,492,8/18/2018,oavt
493,2826,493,10/4/2016,qlvp
494,3496,494,6/15/2010,usab
495,386,495,8/30/2012,imhb
496,2616,496,2/7/2017,mxex
497,3886,497,1/23/2014,xqsr
498,2951,498,8/26/2017,vhfk
499,331,499,11/3/2007,aeer
500,906,500,9/20/2007,cnky
501,2696,501,5/3/2007,hcuv
502,301,502,11/4/2013,jkgk
503,1851,503,3/14/2005,lvjr
504,36,504,11/17/2013,hrkc
505,806,505,6/20/2012,zohy
506,4711,506,5/24/2012,ivfc
507,4516,507,3/7/2012,reds
508,4931,508,12/19/2016,veye
509,3881,509,7/26/2016,dcaz
510,3061,510,8/29/2016,sbsv
511,3446,511,6/13/2014,hgnw
512,4921,512,10/22/2012,bglt
513,2936,513,11/21/2018,ddfm
514,4696,514,12/24/2009,esxt
515,3251,515,2/28/2007,oopc
516,186,516,7/28/2009,ikvp
517,2151,517,7/25/2013,uuha
518,2061,518,2/15/2015,vlnz
519,1541,519,5/10/2012,wkey
520,1606,520,1/29/2007,qbqo
521,2081,521,7/8/2017,mnzo
522,1946,522,8/16/2005,vecj
523,4351,523,5/15/2014,exlg
524,361,524,4/1/2015,cioy
525,4171,525,1/4/2011,hfbf
526,176,526,3/3/2010,scli
527,4741,527,5/28/2009,tgog
528,3591,528,8/8/2018,cejc
529,686,529,9/5/2007,uyzo
530,481,530,8/2/2014,psys
531,1701,531,5/27/2005,smqv
532,2501,532,3/5/2015,yhoo
533,1901,533,7/6/2018,ubzp
534,146,534,2/11/2012,ejoz
535,1211,535,7/29/2007,pexy
536,3896,536,12/9/2005,fkvr
537,2396,537,4/13/2014,iobz
538,96,538,5/8/2015,mwdc
539,4806,539,8/12/2008,kajx
540,221,540,4/29/2016,ttkz
541,4156,541,9/13/2012,uorh
542,591,542,10/7/2017,ljqx
543,3316,543,1/15/2008,lngz
544,4276,544,11/26/2009,hhqx
545,2776,545,4/27/2013,opfy
546,2191,546,12/8/2009,terr
547,1366,547,3/22/2012,oood
548,3486,548,9/4/2017,dsnh
549,571,549,9/30/2018,xuqg
550,3051,550,3/26/2010,tmya
551,991,551,8/24/2011,qfgb
552,2146,552,6/24/2011,ufcm
553,2251,553,6/16/2013,nvgq
554,4221,554,12/28/2011,tiop
555,1666,555,3/17/2016,bwgg
556,2516,556,9/27/2010,dask
557,3436,557,8/20/2008,suow
558,3996,558,8/1/2016,reco
559,2226,559,4/14/2009,txow
560,2731,560,10/27/2017,gjyx
561,2466,561,12/27/2007,dnjg
562,946,562,10/11/2010,pesz
563,1356,563,6/6/2010,bqlx
564,1436,564,9/26/2014,sexd
565,3656,565,1/25/2010,dhwt
566,2006,566,11/20/2011,fcon
567,1306,567,3/30/2007,ekdv
568,2201,568,5/12/2011,wrmq
569,1151,569,3/19/2014,qvuj
570,3216,570,10/1/2012,dvuf
571,4721,571,10/12/2011,dich
572,1771,572,11/27/2005,cxyr
573,4021,573,4/4/2013,zmgz
574,4551,574,4/2/2009,usqp
575,1271,575,1/10/2009,jbqb
576,1546,576,10/15/2005,quzb
577,491,577,5/22/2006,sadj
578,3521,578,7/7/2013,pooz
579,4051,579,5/27/2015,vzxk
580,1831,580,11/1/2016,jywe
581,3181,581,2/3/2010,tggd
582,2546,582,9/24/2012,ryhh
583,4396,583,7/1/2016,eohl
584,1046,584,7/17/2010,biwq
585,506,585,10/11/2014,sebg
586,2816,586,1/3/2011,lpbi
587,4391,587,4/19/2013,laas
588,4136,588,5/21/2008,ijex
589,2506,589,6/20/2018,utjc
590,926,590,3/30/2008,hsmz
591,671,591,9/23/2008,beqc
592,1976,592,8/18/2013,pwil
593,1791,593,11/30/2008,aycq
594,1501,594,5/5/2014,mvei
595,1631,595,5/16/2011,bqat
596,1471,596,3/15/2009,gssg
597,4581,597,4/11/2018,wrpl
598,1921,598,9/28/2010,pmml
599,1926,599,7/26/2007,zlfa
600,2336,600,7/11/2018,limn
601,2091,601,12/25/2013,mdix
602,2121,602,12/4/2009,nhvm
603,621,603,7/21/2018,kdqu
604,3316,604,4/5/2005,qmdf
605,2061,605,8/6/2016,phug
606,2931,606,3/16/2011,jzmf
607,1286,607,8/24/2009,qxfp
608,2116,608,12/7/2016,aadq
609,576,609,6/24/2014,pbaf
610,441,610,9/3/2006,soor
611,3241,611,7/10/2013,kddh
612,446,612,7/26/2011,izld
613,2421,613,4/23/2016,lftt
614,3216,614,6/26/2009,cbry
615,3111,615,6/13/2017,octz
616,406,616,11/17/2009,lrub
617,2666,617,8/20/2014,iwjd
618,3301,618,1/3/2007,adkr
619,3366,619,11/12/2013,xpej
620,3406,620,7/5/2013,wckd
621,3386,621,1/28/2010,rmme
622,3151,622,6/4/2009,uusz
623,1176,623,8/6/2006,lrxw
624,2536,624,4/16/2015,byuf
625,3591,625,7/30/2018,xatd
626,2571,626,8/29/2005,ybol
627,2356,627,3/29/2005,idqc
628,661,628,11/26/2009,ixcc
629,2136,629,6/10/2005,ytaf
630,3361,630,8/12/2017,cbnz
631,1376,631,3/3/2009,mfwu
632,2336,632,9/18/2016,lpbc
633,2616,633,8/10/2013,hokw
634,4481,634,3/17/2008,uoko
635,4386,635,10/17/2016,qman
636,3631,636,5/22/2011,npkv
637,76,637,4/3/2017,rjmg
638,2231,638,3/25/2016,dgqa
639,2751,639,10/25/2017,sadx
640,2146,640,10/27/2008,jqxe
641,2256,641,7/15/2017,ivng
642,3241,642,9/7/2009,eucb
643,3561,643,6/29/2012,tiap
644,1381,644,10/28/2008,qxho
645,761,645,10/8/2007,ykxr
646,1981,646,1/29/2012,krnl
647,4966,647,12/10/2007,lqgt
648,4386,648,7/3/2011,qacr
649,2311,649,1/7/2010,oynn
650,2196,650,3/26/2012,ivgv
651,171,651,2/19/2010,kcum
652,4136,652,6/25/2007,zurc
653,131,653,11/15/2013,fzjh
654,1981,654,12/5/2011,pesf
655,4901,655,11/25/2007,tyuk
656,3166,656,6/7/2014,vzzl
657,2326,657,3/20/2009,gkzh
658,3396,658,5/3/2014,modx
659,4326,659,6/26/2009,gcxd
660,3796,660,5/2/2009,atgh
661,3801,661,10/16/2006,kseu
662,1691,662,7/23/2012,tkoh
663,4306,663,6/21/2008,tmyz
664,3531,664,6/25/2018,kdcs
665,3866,665,11/15/2013,zyqf
666,1691,666,9/6/2018,hrix
667,911,667,9/14/2016,wrdt
668,2101,668,3/12/2009,vmlf
669,4756,669,11/4/2015,ymvl
670,3406,670,9/21/2006,ofvs
671,4506,671,5/18/2009,fbpo
672,1686,672,6/28/2007,eixw
673,3566,673,11/12/2009,cdpo
674,1156,674,1/20/2007,xoze
675,4981,675,5/19/2007,waus
676,4776,676,2/22/2011,irjl
677,3786,677,1/21/2011,xbgp
678,1416,678,2/18/2018,iiwy
679,1456,679,10/3/2018,ayek
680,2016,680,5/14/2015,pjnc
681,1451,681,11/15/2010,jfrj
682,4356,682,1/16/2013,fagf
683,1396,683,11/12/2005,tdxr
684,4856,684,5/18/2017,btfk
685,176,685,3/4/2008,azqb
686,1686,686,1/3/2007,luou
687,4031,687,9/12/2014,tbtw
688,4881,688,7/12/2012,bfot
689,3401,689,3/22/2013,efrj
690,4566,690,3/12/2008,mvdl
691,4131,691,4/18/2012,mhcs
692,1841,692,4/10/2006,aojz
693,3971,693,10/30/2008,iaep
694,1066,694,5/21/2012,chxi
695,1381,695,4/14/2017,aijx
696,3601,696,8/25/2011,iirs
697,2916,697,2/24/2010,wcab
698,2371,698,2/19/2016,vcbh
699,3366,699,9/24/2005,ibwx
700,1021,700,3/21/2005,pwdy
701,4206,701,8/27/2014,dgtx
702,2656,702,9/15/2011,eciz
703,276,703,12/29/2012,zizo
704,3516,704,10/5/2007,axky
705,4231,705,2/18/2014,qxgp
706,491,706,12/24/2014,eewi
707,4206,707,6/26/2012,ixyk
708,4086,708,5/9/2011,rdja
709,4906,709,10/26/2012,vomv
710,3476,710,9/16/2016,obto
711,2501,711,7/1/2009,tcbe
712,1931,712,8/16/2013,aeor
713,556,713,8/27/2007,bjaa
714,1276,714,8/11/2013,pqmt
715,4096,715,3/19/2008,svbg
716,2996,716,10/16/2014,qkjv
717,3771,717,4/14/2006,qunj
718,1061,718,7/11/2008,weop
719,3096,719,11/26/2005,juij
720,3351,720,2/18/2008,chss
721,3176,721,11/3/2018,ievp
722,2396,722,6/25/2016,ysav
723,4011,723,4/10/2011,krol
724,1371,724,12/20/2014,lvxc
725,3101,725,8/17/2011,czhh
726,991,726,4/22/2007,ykkp
727,1881,727,4/6/2011,vsbx
728,2716,728,4/3/2013,chnl
729,4606,729,8/7/2005,vgwt
730,4056,730,6/14/2013,yfxn
731,4971,731,7/28/2006,pakw
732,4596,732,9/14/2008,plja
733,1546,733,10/29/2014,cxar
734,256,734,10/25/2009,dony
735,4831,735,9/19/2008,yvyd
736,1716,736,4/23/2016,tapd
737,4716,737,3/13/2008,fauc
738,4521,738,12/4/2007,rcxr
739,3776,739,2/26/2017,ried
740,841,740,8/30/2015,fgpi
741,1346,741,8/10/2011,zehg
742,3286,742,3/24/2017,pkwm
743,1401,743,8/2/2014,gnzn
744,3816,744,6/20/2011,lvsu
745,171,745,2/23/2010,wvdf
746,3646,746,12/17/2008,ysib
747,2141,747,9/23/2005,xamm
748,4261,748,5/27/2015,ckwu
749,3556,749,7/19/2014,hkse
750,2596,750,11/7/2009,bsnn
751,3041,751,10/1/2008,anqm
752,2716,752,11/27/2017,lnss
753,2246,753,6/6/2007,chpo
754,2431,754,1/4/2012,jmll
755,61,755,2/13/2012,ysua
756,1581,756,8/12/2012,bsrv
757,4951,757,11/5/2013,fcnr
758,4201,758,10/18/2015,icaq
759,4616,759,4/3/2007,nroh
760,2986,760,11/10/2010,hjxd
761,2396,761,12/10/2018,pvnx
762,3786,762,9/19/2012,bpwx
763,2686,763,4/10/2013,flos
764,1196,764,2/28/2017,uzzk
765,1506,765,12/15/2005,wzyt
766,4836,766,7/6/2018,jgpk
767,4631,767,7/10/2005,ylzg
768,4501,768,12/22/2018,aokg
769,2526,769,7/22/2014,tdzt
770,186,770,6/11/2005,eklz
771,2536,771,3/5/2017,llhu
772,236,772,12/22/2014,eeic
773,3876,773,9/29/2013,owxz
774,3286,774,8/7/2005,hwtq
775,4016,775,11/6/2005,plmr
776,976,776,4/24/2016,uxcr
777,3806,777,11/17/2012,joqd
778,591,778,5/13/2013,xrrd
779,1036,779,8/13/2010,pksz
780,2076,780,5/28/2010,fqus
781,4991,781,10/14/2018,awef
782,2791,782,11/21/2006,jrmo
783,3076,783,10/3/2013,zaak
784,1121,784,6/1/2011,iykx
785,1516,785,8/14/2013,bqqw
786,1346,786,9/24/2016,eawv
787,771,787,7/5/2014,gnna
788,1861,788,11/13/2009,jjpz
789,2226,789,10/10/2009,dlla
790,3771,790,10/7/2014,lvjp
791,2451,791,10/25/2017,cvlq
792,4701,792,3/21/2018,rado
793,3866,793,5/24/2011,gwhy
794,2526,794,9/6/2013,adzf
795,4241,795,2/25/2012,ykhr
796,1876,796,2/18/2009,vtlp
797,2766,797,5/18/2016,hgpn
798,4391,798,12/4/2017,egyf
799,1156,799,9/24/2010,dwjz
800,4526,800,8/26/2009,pzym
801,3951,801,8/18/2017,dglw
802,1531,802,10/2/2006,dtqd
803,2271,803,6/30/2018,blow
804,1931,804,11/11/2007,ahpb
805,786,805,1/15/2006,hvyy
806,3381,806,10/20/2012,yoku
807,4811,807,6/1/2016,nmmz
808,4196,808,1/11/2006,wgyg
809,1241,809,6/14/2014,ddqz
810,1061,810,1/6/2005,jixo
811,1651,811,4/18/2010,ogut
812,466,812,8/21/2018,jmxz
813,1041,813,11/17/2005,lkmj
814,4801,814,7/24/2009,cirp
815,2011,815,11/7/2005,jgsp
816,2416,816,3/6/2015,qozx
817,1951,817,12/26/2007,uanr
818,4411,818,12/13/2006,gecu
819,3951,819,6/17/2006,kmqt
820,2291,820,9/6/2012,zbll
821,331,821,4/7/2010,sqyh
822,941,822,3/11/2009,vioe
823,1706,823,9/17/2009,zdfr
824,3331,824,8/1/2010,zddn
825,3341,825,6/1/2015,ktwi
826,1466,826,9/21/2007,jjnx
827,4156,827,1/23/2017,gygs
828,4121,828,12/22/2006,qfbw
829,1991,829,1/7/2011,xryk
830,2291,830,11/6/2015,fsoe
831,2141,831,2/25/2011,cgte
832,1016,832,12/12/2018,lwyp
833,3311,833,3/5/2007,zasw
834,2391,834,12/23/2010,xzaj
835,4451,835,8/4/2006,lkpd
836,4001,836,6/21/2006,uqbi
837,576,837,11/1/2010,jrho
838,2056,838,12/20/2010,tmpj
839,1846,839,7/16/2011,elin
840,4106,840,10/28/2016,fvks
841,1251,841,3/5/2010,blwb
842,4206,842,2/15/2014,vvpm
843,4656,843,9/7/2015,yinx
844,1416,844,3/9/2005,whai
845,1956,845,1/23/2005,razz
846,1106,846,3/13/2013,ipmt
847,2186,847,4/7/2013,jthe
848,3846,848,11/2/2013,rbnl
849,1736,849,11/8/2015,ekgl
850,3076,850,10/20/2008,oqxt
851,3731,851,2/13/2014,inil
852,1896,852,11/28/2014,doxg
853,4406,853,12/7/2015,nsrz
854,1326,854,3/16/2008,gktm
855,2516,855,9/28/2018,ssoj
856,3046,856,7/12/2006,thxn
857,741,857,6/22/2011,nqow
858,3266,858,7/5/2015,vbsj
859,96,859,1/19/2009,lkdd
860,2536,860,6/27/2015,fzqc
861,1446,861,7/11/2016,suwl
862,4566,862,11/26/2013,gqzb
863,1136,863,3/22/2012,alxn
864,2676,864,6/14/2007,qmbj
865,3916,865,2/19/2015,plgz
866,2831,866,8/19/2018,yfqt
867,3576,867,9/21/2011,hcpt
868,2821,868,1/3/2006,hihy
869,2731,869,11/21/2011,htst
870,111,870,9/22/2006,pxjz
871,4141,871,10/15/2008,wasj
872,676,872,7/2/2013,ooyq
873,671,873,9/4/2012,nugs
874,1596,874,11/21/2012,gvbh
875,4946,875,11/19/2007,rhgc
876,96,876,8/16/2005,mzxo
877,2016,877,7/20/2018,krca
878,11,878,10/19/2011,bqes
879,591,879,7/5/2014,bbbc
880,826,880,4/5/2008,nqem
881,2031,881,6/25/2015,tklz
882,2771,882,4/9/2018,bkim
883,4606,883,10/11/2006,mocb
884,226,884,2/16/2006,ftvr
885,3521,885,10/2/2018,mzaw
886,3806,886,4/15/2008,sqwt
887,3161,887,7/22/2012,dsds
888,4961,888,8/21/2010,zjmz
889,4861,889,8/26/2012,hsdo
890,4901,890,11/5/2011,mtrq
891,1796,891,2/8/2005,xwbd
892,1946,892,3/22/2013,ahtr
893,3851,893,2/7/2009,gqml
894,4511,894,5/18/2017,upox
895,3061,895,4/20/2008,tbsy
896,986,896,3/30/2010,zspr
897,3266,897,10/26/2009,zozi
898,4181,898,8/10/2011,dvtc
899,4321,899,10/6/2010,avyl
900,4396,900,10/27/2008,cfcq
901,806,901,3/21/2015,kesp
902,4451,902,6/11/2008,peyr
903,4556,903,7/23/2018,ymdl
904,4516,904,8/14/2017,mrhn
905,3656,905,5/5/2013,ugtd
906,4991,906,7/1/2008,gvjt
907,1371,907,8/15/2012,jcxc
908,2681,908,10/7/2010,tcrb
909,1046,909,7/18/2008,cjkw
910,2921,910,1/2/2012,ylgu
911,4981,911,9/25/2009,dsas
912,4811,912,10/4/2011,gekq
913,36,913,2/21/2013,rejq
914,246,914,9/20/2014,llzf
915,691,915,6/8/2008,weom
916,1621,916,6/2/2017,oujo
917,901,917,3/10/2007,wnnp
918,3301,918,1/1/2016,jism
919,1406,919,5/16/2006,vwkl
920,706,920,10/17/2014,ulaz
921,1011,921,6/26/2005,oiah
922,861,922,10/15/2017,rqxl
923,2071,923,7/21/2005,bnev
924,1136,924,5/30/2006,fgdl
925,4291,925,6/14/2012,txcx
926,261,926,12/22/2017,eaww
927,636,927,8/8/2013,tmmb
928,2911,928,7/26/2010,lsnb
929,816,929,10/27/2008,ldng
930,681,930,12/18/2012,muwx
931,101,931,9/5/2018,pndq
932,2741,932,6/23/2006,kspg
933,1371,933,7/25/2017,aqkb
934,1881,934,1/1/2010,mnwb
935,1326,935,2/14/2013,ctal
936,2486,936,9/8/2013,hcpv
937,131,937,9/17/2008,aato
938,216,938,6/26/2012,lkpl
939,3326,939,3/30/2017,tncq
940,4791,940,10/13/2016,ypmw
941,4036,941,6/17/2015,qvoc
942,2171,942,6/28/2005,urzi
943,581,943,8/12/2011,opsv
944,571,944,6/13/2016,veal
945,2311,945,12/26/2012,lcsu
946,1361,946,11/4/2007,xjot
947,2536,947,8/27/2005,orxe
948,4056,948,8/13/2013,mcvd
949,1051,949,11/11/2006,spqj
950,2641,950,9/12/2010,byck
951,1591,951,6/27/2009,trpj
952,3796,952,4/6/2006,ksjz
953,4786,953,9/30/2018,hius
954,3881,954,9/6/2011,ubyu
955,1676,955,8/18/2014,iacg
956,4156,956,10/14/2015,qvmr
957,811,957,1/10/2016,tizy
958,3106,958,5/23/2005,ayyo
959,1041,959,8/18/2010,tztp
960,1661,960,12/20/2012,eyhj
961,4236,961,7/5/2018,mdxe
962,2541,962,9/3/2014,jhqu
963,896,963,11/27/2006,dsel
964,2821,964,10/3/2016,fnop
965,1431,965,9/9/2012,bjgu
966,1151,966,1/26/2010,tdva
967,1101,967,12/16/2014,seen
968,3851,968,10/11/2016,qtzz
969,1601,969,10/22/2016,xzzn
970,3211,970,3/11/2013,uexj
971,336,971,11/20/2006,wgac
972,796,972,12/15/2015,nucy
973,2291,973,11/16/2015,zxpp
974,1871,974,6/8/2006,mfjg
975,1441,975,3/6/2014,xatn
976,2591,976,3/21/2006,daea
977,556,977,3/6/2014,yjlv
978,4226,978,7/4/2010,ldtk
979,4286,979,7/7/2017,ldyh
980,4456,980,7/26/2011,mehe
981,2601,981,8/22/2010,exed
982,2451,982,3/30/2016,gzql
983,1401,983,7/3/2017,yeyw
984,3951,984,9/19/2005,uopz
985,2151,985,1/27/2017,cueg
986,1321,986,6/10/2006,fvmn
987,3021,987,7/29/2005,oyxs
988,1126,988,12/22/2011,vdbv
989,3671,989,12/24/2015,qbwb
990,4411,990,9/6/2016,ickr
991,1931,991,6/25/2016,thel
992,1876,992,2/17/2016,zdgb
993,4881,993,4/20/2013,hkip
994,1076,994,5/7/2005,heai
995,2391,995,10/4/2016,hcqx
996,3121,996,7/14/2017,wzxl
997,791,997,11/29/2014,nmea
998,426,998,12/21/2006,kxzl
999,2096,999,8/28/2005,kjdv
1000,6,1000,11/11/2007,blno
1001,4056,1001,6/25/2012,bnds
1002,3006,1002,6/5/2010,lufk
1003,3406,1003,12/16/2008,uoju
1004,3431,1004,8/1/2008,onsu
1005,4101,1005,3/2/2009,gbru
1006,691,1006,10/20/2013,qaig
1007,3521,1007,4/26/2015,kkzl
1008,2756,1008,10/14/2012,zwag
1009,1171,1009,1/22/2008,tuwc
1010,3046,1010,12/6/2008,yhmg
1011,3341,1011,1/3/2007,iwoj
1012,2056,1012,2/14/2005,qquw
1013,501,1013,11/17/2017,hbyq
1014,951,1014,8/27/2011,yrea
1015,1646,1015,4/30/2007,mtzw
1016,4266,1016,5/11/2005,vngh
1017,821,1017,7/13/2015,ptto
1018,2606,1018,6/6/2015,xcwr
1019,1646,1019,8/6/2016,fkor
1020,601,1020,3/22/2018,zrns
1021,546,1021,9/7/2006,nqlk
1022,3691,1022,3/8/2009,edmt
1023,1251,1023,7/3/2013,hxoj
1024,3926,1024,9/19/2018,ytih
1025,4316,1025,6/2/2017,oazt
1026,1426,1026,6/16/2012,dusy
1027,781,1027,3/20/2009,gxuk
1028,261,1028,2/28/2008,nttf
1029,4046,1029,10/6/2007,cmoa
1030,2921,1030,6/20/2013,hgao
1031,3196,1031,7/22/2011,nguj
1032,4791,1032,12/23/2005,mriv
1033,2291,1033,4/8/2007,ggtu
1034,316,1034,6/6/2014,rbgu
1035,3521,1035,3/22/2009,vhku
1036,4956,1036,4/12/2016,nvaa
1037,4826,1037,10/12/2017,izfg
1038,3191,1038,6/7/2018,alql
1039,2141,1039,4/11/2007,yxhl
1040,4396,1040,11/14/2008,lnib
1041,2651,1041,5/23/2005,yodm
1042,221,1042,7/10/2016,eabc
1043,3636,1043,7/30/2006,qylt
1044,4911,1044,11/29/2011,nsqu
1045,486,1045,2/6/2017,glhn
1046,311,1046,10/28/2006,jzuf
1047,2206,1047,9/23/2006,duqd
1048,2126,1048,9/20/2012,fbhg
1049,4111,1049,9/17/2008,lpck
1050,1306,1050,6/1/2006,knyd
1051,2516,1051,6/28/2016,rsxm
1052,1421,1052,4/21/2008,vggn
1053,201,1053,12/6/2017,pczb
1054,611,1054,9/18/2010,etgs
1055,3946,1055,2/5/2013,iseu
1056,1906,1056,6/5/2008,tduw
1057,1361,1057,4/30/2017,xgqu
1058,3076,1058,9/6/2017,jlzm
1059,2806,1059,9/20/2010,gdsb
1060,2536,1060,4/10/2012,xfmc
1061,1611,1061,6/16/2012,eany
1062,1841,1062,7/19/2007,wnge
1063,2456,1063,11/18/2016,unfl
1064,956,1064,5/24/2017,cycg
1065,3616,1065,4/23/2016,ezcw
1066,1471,1066,9/30/2010,mypx
1067,4686,1067,11/21/2006,ilre
1068,3951,1068,9/23/2005,iscn
1069,4401,1069,8/7/2014,xkzf
1070,3941,1070,5/19/2008,suwb
1071,4711,1071,2/5/2007,mmmn
1072,1241,1072,12/16/2014,cfju
1073,1571,1073,8/4/2010,rjej
1074,4561,1074,8/21/2011,gyic
1075,4986,1075,12/9/2014,nzey
1076,1596,1076,3/21/2016,wzrs
1077,546,1077,4/18/2007,smbi
1078,1546,1078,2/12/2008,hnvw
1079,3271,1079,11/10/2006,tflr
1080,3956,1080,5/17/2007,xiiy
1081,3256,1081,9/16/2007,msog
1082,4451,1082,6/26/2007,kckr
1083,4046,1083,7/7/2012,jqqt
1084,4426,1084,5/6/2007,hbjc
1085,1196,1085,11/19/2007,lqyw
1086,4496,1086,2/11/2015,urqb
1087,3336,1087,7/24/2014,siln
1088,3891,1088,2/29/2012,pria
1089,1556,1089,1/24/2015,zpym
1090,726,1090,11/27/2012,uqwv
1091,1341,1091,11/20/2011,kemm
1092,3641,1092,7/30/2006,qyqx
1093,4161,1093,2/8/2016,bapn
1094,1666,1094,12/21/2013,drcc
1095,2956,1095,3/27/2005,foxv
1096,1226,1096,6/25/2010,slpw
1097,526,1097,7/23/2010,vlua
1098,196,1098,6/3/2016,oekq
1099,2336,1099,1/18/2010,zluk
1100,4101,1100,11/22/2008,vvyt
1101,3961,1101,3/14/2014,ffjd
1102,4716,1102,3/4/2006,zlmy
1103,1306,1103,11/8/2013,iywx
1104,1141,1104,7/2/2011,btfz
1105,4921,1105,9/18/2014,xzxv
1106,3326,1106,7/19/2014,gshs
1107,2541,1107,8/24/2013,ihfn
1108,4921,1108,11/4/2007,mmfc
1109,76,1109,11/19/2009,pshn
1110,3166,1110,5/18/2007,grym
1111,526,1111,4/2/2005,yize
1112,2661,1112,6/18/2011,xecg
1113,4946,1113,2/20/2007,cswr
1114,3176,1114,9/9/2014,xbsd
1115,1646,1115,11/4/2008,hrlp
1116,4366,1116,11/26/2016,yzmr
1117,3151,1117,8/30/2008,jijv
1118,51,1118,11/14/2007,vybj
1119,2856,1119,10/12/2008,pdcw
1120,3556,1120,5/24/2015,mvct
1121,4116,1121,4/22/2011,uqxl
1122,1461,1122,9/10/2017,dhgu
1123,4981,1123,8/8/2018,kkqa
1124,716,1124,7/13/2016,rkmh
1125,4806,1125,9/8/2009,fqvr
1126,331,1126,7/19/2015,rjzi
1127,3056,1127,10/16/2012,pmdz
1128,3651,1128,2/28/2009,myvo
1129,1446,1129,3/15/2013,blom
1130,766,1130,8/15/2010,jwvl
1131,521,1131,1/27/2005,ramt
1132,411,1132,2/19/2005,caoy
1133,3416,1133,4/4/2009,pidx
1134,1881,1134,1/21/2005,vqft
1135,4826,1135,12/12/2013,qphe
1136,1596,1136,10/22/2006,oscc
1137,2231,1137,3/18/2015,gavi
1138,276,1138,3/20/2014,cgds
1139,4421,1139,9/23/2008,excj
1140,916,1140,9/4/2016,gqnq
1141,3021,1141,5/24/2011,derv
1142,4671,1142,8/9/2007,ybqz
1143,3081,1143,10/3/2018,jpso
1144,1496,1144,8/20/2016,rgxr
1145,4416,1145,9/1/2010,fenu
1146,716,1146,3/2/2013,swss
1147,2046,1147,12/22/2010,lahu
1148,31,1148,10/11/2013,wdbk
1149,2166,1149,10/28/2007,ggko
1150,141,1150,9/25/2005,jqha
1151,1926,1151,2/3/2012,wqlj
1152,4601,1152,4/11/2018,oecm
1153,1916,1153,4/21/2014,aepm
1154,1386,1154,10/7/2012,xqqf
1155,4621,1155,1/6/2005,wrwu
1156,1046,1156,7/3/2009,ckoc
1157,1556,1157,11/13/2014,oqlr
1158,776,1158,11/4/2007,xbhp
1159,3806,1159,3/3/2012,hdda
1160,331,1160,8/6/2012,lseo
1161,201,1161,11/3/2005,kvnt
1162,736,1162,8/5/2006,jowp
1163,1691,1163,3/23/2014,ydfr
1164,801,1164,9/29/2014,dhbp
1165,2661,1165,8/12/2016,wjzb
1166,1671,1166,2/22/2014,cyhf
1167,546,1167,5/15/2005,trgk
1168,1476,1168,9/25/2005,pzvk
1169,246,1169,8/25/2016,clhe
1170,4461,1170,3/7/2015,rebu
1171,906,1171,12/19/2007,jcbs
1172,4991,1172,12/20/2016,rbds
1173,1996,1173,3/18/2017,wyzp
1174,2476,1174,11/9/2016,ogwg
1175,3311,1175,2/10/2013,soqm
1176,4221,1176,5/27/2013,malb
1177,4141,1177,3/4/2005,xoxk
1178,2221,1178,3/7/2012,grnk
1179,4116,1179,1/18/2009,ycie
1180,1031,1180,9/25/2012,mxnq
1181,3236,1181,10/17/2007,pven
1182,2196,1182,9/7/2015,qgje
1183,1396,1183,1/29/2012,wemu
1184,4101,1184,3/5/2008,erww
1185,1536,1185,2/27/2017,czae
1186,2366,1186,1/20/2016,umex
1187,4581,1187,8/21/2011,euyc
1188,1276,1188,9/16/2016,eoka
1189,1041,1189,4/14/2006,dyut
1190,4916,1190,4/20/2010,epyp
1191,71,1191,9/3/2014,hlzf
1192,346,1192,4/15/2008,sapd
1193,4376,1193,2/28/2008,kstl
1194,1596,1194,6/23/2008,wghr
1195,3096,1195,3/5/2016,qusk
1196,3321,1196,5/8/2013,slri
1197,2276,1197,11/23/2006,nrug
1198,2211,1198,11/22/2012,blto
1199,2076,1199,6/19/2008,uhan
1200,3071,1200,11/18/2012,lybq
1201,2486,1201,9/23/2009,upju
1202,3911,1202,11/18/2018,sxsp
1203,1536,1203,4/9/2016,ycgm
1204,2646,1204,10/20/2016,nimv
1205,2346,1205,9/25/2011,usyl
1206,2186,1206,2/2/2016,gxzl
1207,3096,1207,11/17/2017,lbeq
1208,4406,1208,4/26/2008,fqqg
1209,4131,1209,10/2/2015,akvv
1210,4056,1210,1/26/2014,opwl
1211,1186,1211,9/20/2014,ucob
1212,2716,1212,10/28/2010,lprg
1213,1646,1213,5/30/2010,fres
1214,4831,1214,5/17/2009,cshp
1215,4506,1215,1/28/2014,tufo
1216,2966,1216,9/24/2005,yttd
1217,2491,1217,9/18/2018,lkso
1218,3971,1218,8/26/2010,yfmy
1219,4801,1219,3/15/2011,sxvc
1220,3666,1220,12/11/2008,rzkm
1221,726,1221,12/22/2018,owjg
1222,2856,1222,8/22/2009,wfvn
1223,3366,1223,4/3/2012,rxkt
1224,2506,1224,1/22/2015,cfwf
1225,1291,1225,7/5/2013,mzts
1226,2911,1226,7/28/2006,wuiw
1227,3886,1227,1/29/2006,aktc
1228,4936,1228,11/3/2010,ykoj
1229,1521,1229,2/6/2005,cpkz
1230,4321,1230,5/6/2013,zctr
1231,3796,1231,3/12/2015,jlmn
1232,696,1232,9/3/2005,alwp
1233,3851,1233,7/6/2008,ullk
1234,2336,1234,11/17/2007,wogc
1235,4416,1235,8/4/2012,dnyx
1236,2686,1236,12/17/2013,sqtm
1237,101,1237,11/1/2011,lbis
1238,3326,1238,7/20/2009,jfvn
1239,3011,1239,9/7/2010,hdfb
1240,4751,1240,2/28/2009,wgff
1241,1626,1241,12/14/2005,jxsa
1242,1651,1242,3/20/2016,flmo
1243,2661,1243,4/2/2012,pzyb
1244,456,1244,5/29/2006,fryx
1245,651,1245,7/20/2016,ibre
1246,2696,1246,8/15/2018,ivbo
1247,1086,1247,10/1/2008,uwev
1248,2506,1248,9/14/2010,nylf
1249,2306,1249,9/3/2006,gxzk
1250,2961,1250,11/9/2015,jqyb
1251,3471,1251,7/5/2013,fsen
1252,3976,1252,8/5/2017,icwm
1253,1636,1253,6/26/2014,aryx
1254,1566,1254,1/2/2007,cslw
1255,351,1255,2/2/2006,fsny
1256,3501,1256,5/8/2007,hzpc
1257,2181,1257,9/4/2007,vbcc
1258,3931,1258,5/17/2013,ywbn
1259,661,1259,11/27/2005,hoqv
1260,3246,1260,2/19/2005,zggv
1261,366,1261,1/22/2005,qjoa
1262,3081,1262,11/25/2013,envt
1263,4076,1263,12/19/2013,icko
1264,671,1264,2/15/2009,qfab
1265,4866,1265,11/12/2009,wqci
1266,1361,1266,12/25/2018,vejl
1267,4216,1267,3/7/2017,piiw
1268,3136,1268,12/14/2011,opio
1269,4856,1269,11/4/2009,ohlt
1270,1556,1270,4/30/2012,ipkz
1271,1191,1271,9/3/2013,jyma
1272,3221,1272,4/30/2012,iuji
1273,4741,1273,11/2/2017,vxrr
1274,2026,1274,6/8/2008,lrlw
1275,3496,1275,1/15/2007,qhfc
1276,2381,1276,2/25/2011,pkwv
1277,806,1277,6/2/2010,jdis
1278,4796,1278,8/11/2007,xeht
1279,6,1279,7/24/2012,sukx
1280,1751,1280,2/15/2010,uohg
1281,2751,1281,3/6/2015,hwxi
1282,2601,1282,11/3/2014,yapw
1283,4566,1283,9/10/2018,ezyj
1284,551,1284,12/6/2006,gteb
1285,321,1285,7/9/2018,dfff
1286,741,1286,12/24/2009,nllp
1287,4471,1287,2/22/2006,hwxq
1288,2586,1288,2/7/2010,fsth
1289,1296,1289,9/23/2018,tqqv
1290,2711,1290,11/29/2007,fsyt
1291,3031,1291,3/26/2013,lxak
1292,3436,1292,2/6/2012,qefz
1293,4691,1293,2/26/2014,xgnv
1294,3496,1294,2/18/2008,yfkh
1295,46,1295,7/18/2013,xiad
1296,756,1296,2/22/2018,asmy
1297,4796,1297,1/16/2007,mofd
1298,2146,1298,12/25/2011,bozb
1299,2941,1299,1/11/2006,dttl
1300,2801,1300,2/10/2010,tbbr
1301,3121,1301,1/18/2009,dbjz
1302,4841,1302,9/15/2012,oirw
1303,561,1303,1/8/2018,athl
1304,4396,1304,3/1/2013,wvsg
1305,3966,1305,12/21/2014,dsci
1306,3931,1306,2/17/2005,bcys
1307,1201,1307,1/24/2009,mqff
1308,2326,1308,4/24/2013,jonh
1309,4931,1309,11/5/2009,bwyr
1310,1806,1310,2/22/2007,qehb
1311,1561,1311,12/24/2008,vcxb
1312,1786,1312,2/17/2010,ylbs
1313,586,1313,10/16/2013,urvy
1314,2356,1314,6/5/2012,gekk
1315,4171,1315,5/9/2018,xidb
1316,2461,1316,11/19/2015,apzl
1317,3741,1317,6/18/2010,aerw
1318,2841,1318,10/7/2016,qtdu
1319,1151,1319,10/16/2011,fhyq
1320,3876,1320,8/13/2016,knlc
1321,4731,1321,11/10/2018,bloo
1322,4476,1322,2/24/2017,pclt
1323,3961,1323,2/25/2018,nlsp
1324,1161,1324,6/25/2010,rfok
1325,1891,1325,2/8/2005,iybx
1326,2021,1326,12/8/2017,imru
1327,4516,1327,7/4/2011,njkl
1328,4256,1328,12/15/2011,ffmy
1329,3836,1329,6/26/2017,wbfx
1330,4706,1330,2/3/2010,sclq
1331,4771,1331,5/2/2017,xmcv
1332,406,1332,6/6/2011,hoyo
1333,806,1333,4/1/2017,otip
1334,2381,1334,6/13/2007,jnjm
1335,1276,1335,11/6/2015,belj
1336,3821,1336,7/29/2006,xyzg
1337,1696,1337,8/8/2011,dgkx
1338,211,1338,6/22/2017,fffl
1339,2331,1339,5/4/2010,klor
1340,4501,1340,7/20/2006,ilrs
1341,821,1341,9/24/2006,atif
1342,1846,1342,10/15/2015,jxvb
1343,1266,1343,9/13/2016,xezn
1344,4941,1344,3/14/2007,wgbe
1345,2876,1345,2/18/2006,ewvf
1346,3221,1346,6/22/2015,nagt
1347,3886,1347,7/21/2017,glij
1348,3176,1348,1/16/2012,ojfz
1349,3076,1349,9/6/2012,itdi
1350,3341,1350,1/2/2015,khvg
1351,4266,1351,9/4/2008,pxgz
1352,3991,1352,9/27/2011,cuzd
1353,1246,1353,8/7/2012,aycz
1354,896,1354,12/9/2010,havf
1355,3206,1355,11/11/2006,orjd
1356,796,1356,11/11/2009,sfqh
1357,3126,1357,6/11/2010,odwh
1358,3111,1358,10/26/2011,bpes
1359,2286,1359,10/13/2012,five
1360,2881,1360,9/21/2013,cdcx
1361,2516,1361,5/16/2007,qvps
1362,541,1362,5/17/2013,pnic
1363,1501,1363,8/3/2012,zjda
1364,3121,1364,7/7/2016,stoj
1365,2231,1365,10/2/2015,vdjc
1366,2341,1366,2/16/2011,uyst
1367,4266,1367,12/16/2012,tydf
1368,1721,1368,3/13/2009,hjmh
1369,3541,1369,6/1/2009,hfhz
1370,3386,1370,3/12/2012,yrfm
1371,4171,1371,11/20/2011,qixg
1372,4311,1372,7/20/2016,itcv
1373,3936,1373,8/7/2011,cbsf
1374,1601,1374,12/3/2005,yarn
1375,4981,1375,11/26/2009,vqzh
1376,4471,1376,10/30/2015,ebyi
1377,4206,1377,2/16/2010,vuld
1378,1101,1378,9/18/2018,sfim
1379,2456,1379,8/25/2007,dplz
1380,341,1380,3/30/2007,nlog
1381,1856,1381,3/15/2007,yknl
1382,4281,1382,5/20/2011,iwid
1383,1646,1383,9/6/2005,nmmw
1384,2946,1384,12/20/2013,gfss
1385,4591,1385,12/1/2018,xtai
1386,4951,1386,8/2/2005,pgle
1387,3991,1387,12/17/2008,avxw
1388,3006,1388,1/17/2018,fwmo
1389,4581,1389,6/17/2013,gcip
1390,3096,1390,6/27/2017,ukqv
1391,2871,1391,6/20/2009,usss
1392,2846,1392,5/13/2011,kmyz
1393,921,1393,9/21/2006,oyfr
1394,2891,1394,5/24/2007,dtxj
1395,201,1395,1/16/2007,cada
1396,2651,1396,11/26/2006,vwou
1397,786,1397,9/20/2007,mgbc
1398,2266,1398,1/8/2016,kxkn
1399,171,1399,3/4/2007,mnbp
1400,4361,1400,6/23/2010,memt
1401,4526,1401,4/25/2015,qgww
1402,91,1402,6/28/2016,kasd
1403,4681,1403,6/16/2009,lxty
1404,3621,1404,10/23/2015,ekkb
1405,1096,1405,3/4/2014,hqgk
1406,4816,1406,11/13/2007,mrub
1407,921,1407,5/14/2014,thtv
1408,26,1408,5/10/2016,ixuy
1409,2121,1409,6/22/2016,gpiq
1410,2441,1410,3/3/2008,awss
1411,876,1411,5/7/2005,titl
1412,3246,1412,9/20/2015,efwh
1413,4896,1413,5/25/2012,tmep
1414,3496,1414,6/20/2015,hmhu
1415,4536,1415,7/29/2015,xwde
1416,311,1416,4/2/2018,lmvx
1417,616,1417,4/29/2015,xjff
1418,1581,1418,9/5/2008,quvf
1419,1591,1419,11/9/2015,veqx
1420,391,1420,11/5/2005,ybbr
1421,886,1421,4/9/2009,wyxm
1422,1721,1422,2/6/2006,zsyg
1423,1576,1423,5/23/2005,agjx
1424,3941,1424,8/30/2010,apid
1425,1966,1425,6/13/2007,kjmx
1426,3431,1426,5/6/2014,qmnx
1427,3211,1427,11/11/2015,keqe
1428,4116,1428,8/5/2015,llmh
1429,2071,1429,2/8/2015,cbaf
1430,2741,1430,6/29/2005,oydf
1431,1176,1431,3/18/2014,tcel
1432,996,1432,2/27/2005,hfay
1433,771,1433,9/19/2012,zcbd
1434,2556,1434,8/27/2008,ypdx
1435,1791,1435,3/25/2017,ilvo
1436,561,1436,8/16/2007,fymz
1437,116,1437,2/3/2016,xxik
1438,91,1438,3/3/2012,hsxh
1439,2761,1439,11/15/2011,oewd
1440,4561,1440,4/6/2009,njkw
1441,521,1441,2/3/2008,znvv
1442,11,1442,11/3/2008,jpdn
1443,1316,1443,10/14/2008,nyae
1444,3531,1444,7/18/2011,akzr
1445,2396,1445,9/9/2018,yzff
1446,3591,1446,1/29/2009,dako
1447,4196,1447,1/24/2016,wvtz
1448,4051,1448,8/15/2016,oabf
1449,3171,1449,5/4/2014,irjv
1450,1726,1450,6/30/2009,mxdt
1451,616,1451,12/28/2015,aujl
1452,4531,1452,7/22/2008,vxag
1453,4121,1453,9/17/2016,cdpf
1454,4446,1454,1/1/2014,zhsw
1455,3856,1455,6/5/2007,umga
1456,2461,1456,6/12/2014,cmrf
1457,1356,1457,9/2/2012,ztby
1458,1386,1458,12/18/2008,gjzn
1459,4061,1459,4/5/2011,kggu
1460,4136,1460,10/14/2008,tscz
1461,4336,1461,5/12/2015,tscm
1462,4911,1462,5/5/2018,gvze
1463,1681,1463,2/27/2008,adpv
1464,3226,1464,10/18/2008,iwzm
1465,3321,1465,1/3/2011,ezlz
1466,2846,1466,3/11/2009,uvtu
1467,4231,1467,2/8/2013,zwdm
1468,616,1468,6/19/2015,lpnt
1469,4621,1469,7/15/2011,jnra
1470,1006,1470,3/9/2012,zyvm
1471,3071,1471,11/5/2012,qesy
1472,1061,1472,2/7/2016,sywb
1473,856,1473,2/24/2018,elfs
1474,4521,1474,2/6/2013,pvjv
1475,3771,1475,1/9/2010,sqwp
1476,1271,1476,9/7/2010,dnqd
1477,4696,1477,2/8/2005,gcdm
1478,3566,1478,6/7/2011,qjmy
1479,451,1479,1/30/2018,qynr
1480,3546,1480,12/30/2005,hoxg
1481,2031,1481,3/20/2011,rrdq
1482,1411,1482,3/19/2018,wibv
1483,1941,1483,7/27/2016,inhj
1484,4211,1484,2/24/2012,ucjc
1485,786,1485,11/22/2009,skkf
1486,391,1486,11/19/2012,zova
1487,1661,1487,5/15/2008,iwin
1488,2501,1488,10/24/2009,ssyw
1489,6,1489,5/14/2015,khkh
1490,2246,1490,2/23/2016,bska
1491,2991,1491,1/6/2014,ysez
1492,781,1492,12/28/2008,iyct
1493,3541,1493,1/5/2005,ffyn
1494,601,1494,11/19/2014,upuw
1495,2496,1495,3/27/2017,avzx
1496,1136,1496,8/22/2013,cmta
1497,4686,1497,8/17/2018,aomb
1498,101,1498,5/9/2010,eibm
1499,3606,1499,5/30/2006,uexz
1500,1251,1500,12/22/2011,hyxu
1501,3791,1501,12/18/2017,gimx
1502,611,1502,10/14/2014,agps
1503,686,1503,1/11/2013,lqem
1504,3286,1504,4/21/2015,hohe
1505,1221,1505,1/26/2012,eequ
1506,4861,1506,5/10/2018,zquf
1507,2156,1507,7/30/2012,eyyv
1508,841,1508,8/17/2005,kqyk
1509,2686,1509,3/30/2009,qups
1510,2581,1510,5/2/2006,ukmc
1511,4951,1511,8/11/2008,acrl
1512,256,1512,3/27/2008,cnzp
1513,2411,1513,11/5/2018,wfuv
1514,506,1514,9/8/2012,dexd
1515,3216,1515,2/14/2010,yhkz
1516,2306,1516,6/7/2011,abnj
1517,1491,1517,12/7/2014,vhlo
1518,4011,1518,1/23/2018,ydbo
1519,3941,1519,6/9/2014,ertw
1520,4901,1520,7/19/2016,izaj
1521,2106,1521,8/15/2013,ibic
1522,3086,1522,6/24/2007,tfdz
1523,2701,1523,9/2/2015,wjsa
1524,151,1524,2/5/2007,utjr
1525,1916,1525,4/11/2011,xwic
1526,3611,1526,2/14/2007,vlfq
1527,631,1527,6/17/2016,qldq
1528,4366,1528,3/15/2009,hfay
1529,1546,1529,6/23/2014,cyso
1530,3381,1530,5/1/2017,cytd
1531,1031,1531,5/20/2016,xsdt
1532,3036,1532,1/13/2008,hlue
1533,4361,1533,1/8/2011,tyav
1534,4881,1534,4/15/2013,ameg
1535,1556,1535,7/16/2016,wjcq
1536,3571,1536,12/4/2016,nrrx
1537,1606,1537,6/7/2005,wxpi
1538,371,1538,8/17/2016,twtj
1539,3076,1539,5/21/2010,tcpu
1540,1626,1540,5/10/2010,gcpy
1541,2091,1541,4/4/2009,ycek
1542,4761,1542,2/26/2006,bghh
1543,2776,1543,12/20/2006,zlpa
1544,56,1544,4/28/2009,zvwa
1545,1171,1545,3/1/2008,jyhp
1546,4096,1546,11/29/2006,cynq
1547,4076,1547,3/27/2006,yrlm
1548,2761,1548,10/30/2006,trve
1549,951,1549,4/5/2005,gkne
1550,3981,1550,3/14/2014,puil
1551,4041,1551,8/23/2006,zagx
1552,3686,1552,7/7/2015,lyif
1553,4346,1553,1/15/2005,jadk
1554,2706,1554,12/23/2015,ikaw
1555,4401,1555,4/16/2007,kaye
1556,206,1556,3/28/2012,mrqo
1557,901,1557,5/24/2018,cfpj
1558,2961,1558,12/26/2010,xpgy
1559,3531,1559,7/22/2009,urhq
1560,1966,1560,9/29/2007,iyam
1561,1206,1561,10/7/2017,cnex
1562,3451,1562,3/10/2005,pxbo
1563,3486,1563,1/15/2008,wrvx
1564,4606,1564,9/27/2005,ozsb
1565,3871,1565,6/11/2017,qckl
1566,3256,1566,12/23/2016,meyk
1567,2221,1567,9/5/2007,eocy
1568,2491,1568,4/15/2009,jepy
1569,4306,1569,5/22/2018,lcli
1570,2471,1570,4/20/2008,vvvr
1571,1241,1571,10/7/2010,satg
1572,3116,1572,10/19/2016,tgii
1573,4026,1573,5/22/2005,dfxc
1574,4236,1574,2/19/2017,kimt
1575,2991,1575,11/15/2007,neax
1576,3936,1576,6/2/2008,mqjo
1577,131,1577,6/1/2012,gxcr
1578,2341,1578,3/1/2009,tyqr
1579,3201,1579,6/20/2011,wlax
1580,961,1580,5/21/2009,btsa
1581,2541,1581,9/17/2015,hzxp
1582,1781,1582,6/7/2010,axaf
1583,1291,1583,2/19/2007,mnwy
1584,1811,1584,2/1/2015,gbrv
1585,4761,1585,2/24/2012,qnza
1586,1421,1586,12/17/2017,ygio
1587,4326,1587,9/27/2006,qhtq
1588,3731,1588,9/29/2011,yzwa
1589,2261,1589,5/24/2012,ofjy
1590,4516,1590,10/10/2015,qoxm
1591,3836,1591,5/20/2016,wxtd
1592,1481,1592,1/8/2013,itmn
1593,3506,1593,12/22/2010,hzdu
1594,1951,1594,5/15/2015,xpfp
1595,1541,1595,10/11/2018,qbgd
1596,4601,1596,9/23/2017,kpdy
1597,1121,1597,4/30/2006,frgv
1598,551,1598,11/16/2011,qtdv
1599,4916,1599,11/24/2012,zgef
1600,1436,1600,3/10/2006,rmjo
1601,1096,1601,12/24/2007,zmco
1602,1156,1602,8/5/2014,jmtw
1603,2291,1603,4/10/2011,zlhc
1604,3301,1604,11/18/2005,nxcv
1605,3651,1605,3/4/2008,gvjb
1606,4421,1606,1/4/2014,aqlv
1607,2151,1607,12/19/2014,vknj
1608,1631,1608,8/18/2008,xdzp
1609,4796,1609,2/5/2014,qpgw
1610,1801,1610,12/8/2015,sjfq
1611,2191,1611,5/22/2015,obuz
1612,3906,1612,10/28/2014,tpej
1613,2611,1613,10/27/2013,mpzy
1614,3236,1614,3/16/2011,kkob
1615,3216,1615,1/24/2008,dawd
1616,2596,1616,3/18/2009,nstx
1617,1281,1617,12/23/2013,jngl
1618,3646,1618,10/10/2018,qjvb
1619,1976,1619,10/28/2007,csuh
1620,1871,1620,4/17/2012,cblf
1621,2426,1621,2/8/2016,bvlu
1622,2766,1622,3/7/2017,hctv
1623,1561,1623,9/28/2014,wntl
1624,866,1624,9/6/2018,bgxs
1625,2181,1625,3/7/2006,kgcd
1626,1931,1626,7/14/2014,elnr
1627,3666,1627,1/3/2011,pktu
1628,3781,1628,12/17/2012,pgen
1629,3261,1629,10/6/2015,suvx
1630,4611,1630,9/24/2015,wzun
1631,2381,1631,2/8/2009,wcey
1632,3006,1632,7/11/2007,ntzr
1633,291,1633,3/7/2006,whvi
1634,2436,1634,6/2/2018,onwm
1635,2281,1635,7/22/2008,vczb
1636,3611,1636,10/18/2015,lhqg
1637,3856,1637,5/19/2011,ypfb
1638,2381,1638,1/16/2012,tofs
1639,2571,1639,2/7/2013,gztl
1640,4606,1640,9/29/2013,hrmx
1641,2206,1641,4/26/2017,nbcz
1642,4046,1642,8/17/2007,mqpy
1643,2491,1643,10/9/2009,fmpr
1644,3626,1644,3/4/2009,qstt
1645,1171,1645,2/16/2006,iwzc
1646,3756,1646,4/24/2016,ptsz
1647,4206,1647,4/18/2005,jlik
1648,511,1648,11/15/2011,tqqw
1649,756,1649,1/12/2006,atrs
1650,731,1650,9/6/2015,wizk
1651,181,1651,9/19/2006,sgru
1652,991,1652,1/2/2018,gtez
1653,2506,1653,11/6/2018,orjp
1654,776,1654,12/24/2016,afwc
1655,1051,1655,6/11/2017,ddns
1656,2926,1656,12/5/2014,tqpc
1657,4246,1657,3/10/2008,akte
1658,4991,1658,8/20/2010,fhos
1659,3871,1659,9/19/2006,szlz
1660,326,1660,11/19/2012,vjnj
1661,701,1661,10/15/2005,bnvj
1662,4261,1662,1/15/2006,ostq
1663,2171,1663,8/12/2008,xmtj
1664,4646,1664,5/24/2005,ezqe
1665,2161,1665,7/28/2015,iieb
1666,1056,1666,9/19/2008,qoht
1667,2631,1667,2/3/2012,shap
1668,2786,1668,1/3/2006,tpds
1669,4581,1669,1/29/2015,vvqb
1670,391,1670,10/3/2007,yfks
1671,2581,1671,6/2/2013,cwod
1672,481,1672,12/3/2013,tmmu
1673,666,1673,3/6/2011,zfgh
1674,2186,1674,3/29/2009,ootu
1675,2961,1675,4/17/2007,ngel
1676,2581,1676,7/5/2008,rscr
1677,391,1677,5/13/2017,hnnq
1678,4381,1678,5/18/2017,lybc
1679,1456,1679,11/15/2017,gwvn
1680,3441,1680,5/10/2018,wtsg
1681,3686,1681,3/8/2005,aapp
1682,4736,1682,10/29/2012,nnzv
1683,241,1683,8/21/2010,jkfr
1684,3526,1684,6/11/2007,zdui
1685,4141,1685,9/4/2013,tqrx
1686,2916,1686,9/26/2008,gyym
1687,2316,1687,9/20/2012,ewew
1688,2561,1688,6/29/2010,iltp
1689,1826,1689,3/2/2011,syhu
1690,1761,1690,3/20/2012,cnhf
1691,2801,1691,2/21/2016,govn
1692,1766,1692,5/25/2011,ncbq
1693,191,1693,11/8/2007,djxj
1694,831,1694,10/18/2014,ebvx
1695,1981,1695,1/19/2014,hcff
1696,2831,1696,12/19/2013,yhzt
1697,91,1697,4/9/2018,eqde
1698,191,1698,10/5/2010,dwlf
1699,2856,1699,11/7/2006,hoij
1700,1966,1700,8/30/2005,eiyp
1701,2741,1701,3/14/2006,rrum
1702,4591,1702,6/3/2013,oyoq
1703,246,1703,9/28/2007,mtbz
1704,2976,1704,5/6/2013,wisi
1705,3166,1705,8/17/2012,fesw
1706,1776,1706,12/14/2007,peoe
1707,3326,1707,9/16/2015,lrvq
1708,2686,1708,1/14/2007,ejzk
1709,3991,1709,9/30/2011,yudy
1710,3581,1710,7/28/2010,ocea
1711,2631,1711,4/15/2018,khjb
1712,176,1712,4/14/2008,rlpy
1713,1051,1713,4/20/2017,bkdg
1714,3801,1714,2/6/2018,pmra
1715,3486,1715,10/27/2012,sazo
1716,2516,1716,7/20/2010,ulyr
1717,1131,1717,2/11/2011,qwyj
1718,1171,1718,3/3/2013,ehwo
1719,2481,1719,5/7/2010,ehed
1720,3956,1720,4/7/2007,qslr
1721,3726,1721,8/28/2015,njew
1722,3696,1722,9/22/2010,gswy
1723,3021,1723,3/19/2017,ilbs
1724,316,1724,12/18/2007,iooy
1725,3306,1725,3/1/2011,qtsu
1726,1771,1726,11/11/2009,rfuo
1727,246,1727,5/14/2010,xmzi
1728,2501,1728,8/24/2006,jvqk
1729,3516,1729,10/16/2006,kkdi
1730,2366,1730,2/16/2009,futz
1731,4701,1731,1/8/2017,swar
1732,3686,1732,9/4/2017,icdt
1733,646,1733,9/21/2015,jmqa
1734,3231,1734,12/25/2012,lqty
1735,2936,1735,7/24/2018,gemg
1736,1106,1736,10/23/2016,ecsf
1737,4166,1737,4/15/2011,pozh
1738,4136,1738,8/24/2009,qkqq
1739,916,1739,5/3/2011,btbm
1740,4536,1740,10/15/2007,fmcf
1741,3476,1741,11/30/2010,pzst
1742,1956,1742,1/22/2013,acaj
1743,1276,1743,3/3/2011,izpx
1744,3961,1744,10/25/2015,sidt
1745,4581,1745,3/18/2013,pmqv
1746,401,1746,5/29/2011,kjqg
1747,2716,1747,3/3/2014,beoc
1748,3226,1748,5/2/2008,nxps
1749,186,1749,7/25/2012,prxy
1750,1961,1750,9/12/2010,cwul
1751,1691,1751,3/11/2010,qkdm
1752,1186,1752,11/10/2017,jxof
1753,3501,1753,12/5/2008,ehzg
1754,206,1754,8/7/2016,ikwq
1755,2001,1755,8/12/2010,toru
1756,3876,1756,4/13/2016,apyi
1757,261,1757,12/4/2009,xfrs
1758,141,1758,7/2/2015,oprs
1759,1166,1759,1/15/2012,lybw
1760,4671,1760,4/22/2010,txpu
1761,3821,1761,9/14/2018,mwbq
1762,2136,1762,9/10/2018,wuwx
1763,11,1763,11/28/2008,mcbo
1764,3016,1764,12/29/2008,nvga
1765,1301,1765,1/21/2018,cbxi
1766,2171,1766,11/24/2005,yqvr
1767,3461,1767,1/2/2011,wrcv
1768,4851,1768,8/9/2005,rnuy
1769,4396,1769,12/20/2012,hbaw
1770,3351,1770,11/14/2009,zcme
1771,4526,1771,6/30/2005,ayld
1772,4536,1772,8/16/2005,gubx
1773,3471,1773,5/8/2008,ykar
1774,2006,1774,7/18/2015,vlsk
1775,3371,1775,7/5/2017,fkol
1776,451,1776,7/9/2005,zfvx
1777,4356,1777,8/27/2009,ilby
1778,3641,1778,4/28/2009,myzg
1779,4071,1779,8/2/2009,dkjv
1780,326,1780,2/3/2016,evtw
1781,196,1781,3/30/2010,tshj
1782,1666,1782,10/16/2013,nfxn
1783,2371,1783,3/28/2013,hhhy
1784,321,1784,8/20/2010,kjpn
1785,2846,1785,5/4/2008,wlid
1786,3316,1786,9/5/2008,jfic
1787,181,1787,5/19/2011,skjn
1788,1936,1788,4/22/2012,qhlb
1789,2906,1789,9/2/2011,inpo
1790,4216,1790,9/5/2017,fhmx
1791,4901,1791,11/26/2009,lnue
1792,1456,1792,6/26/2008,oxen
1793,556,1793,3/11/2012,crcp
1794,326,1794,3/24/2010,qcjf
1795,316,1795,5/27/2006,yjpi
1796,3791,1796,2/13/2013,wnlq
1797,4401,1797,6/5/2008,uwko
1798,1746,1798,8/20/2018,ziun
1799,191,1799,2/14/2013,ymjj
1800,2981,1800,10/7/2006,cwou
1801,4626,1801,8/18/2011,ddhx
1802,376,1802,4/8/2012,rxws
1803,3251,1803,8/5/2012,bwts
1804,2441,1804,2/24/2013,aqdu
1805,2121,1805,5/2/2015,hgsb
1806,656,1806,10/7/2011,dgdk
1807,2456,1807,6/28/2005,tbgd
1808,1966,1808,2/11/2009,fvsr
1809,1316,1809,2/23/2010,dttj
1810,111,1810,5/20/2010,ffps
1811,261,1811,9/4/2015,hwit
1812,3426,1812,3/22/2012,htma
1813,801,1813,12/14/2015,cffh
1814,4346,1814,8/2/2015,rbuv
1815,46,1815,12/5/2007,pzwk
1816,3681,1816,2/4/2011,wgqy
1817,231,1817,7/4/2013,xymg
1818,171,1818,10/11/2006,nwor
1819,4061,1819,6/29/2008,zuyf
1820,1956,1820,1/1/2008,nhgc
1821,3941,1821,5/25/2011,xdzr
1822,2456,1822,6/3/2014,puvg
1823,1821,1823,6/10/2008,grjz
1824,3441,1824,6/26/2017,bhrn
1825,1921,1825,11/13/2012,jffz
1826,1216,1826,10/27/2007,qyck
1827,4986,1827,8/29/2008,mohf
1828,4286,1828,1/29/2008,yftx
1829,3661,1829,6/9/2014,vpqr
1830,2961,1830,3/10/2018,cfkh
1831,4881,1831,4/18/2018,xvzu
1832,3791,1832,8/22/2017,qdrm
1833,2296,1833,2/29/2008,hvoe
1834,846,1834,12/2/2013,ygua
1835,536,1835,12/13/2013,qals
1836,691,1836,12/25/2005,vpks
1837,4051,1837,10/25/2008,fheh
1838,1976,1838,3/2/2009,jvdj
1839,1491,1839,12/2/2014,bgqh
1840,1571,1840,2/28/2012,argm
1841,4031,1841,8/24/2010,gogy
1842,3241,1842,5/3/2016,eicq
1843,1486,1843,8/13/2013,regp
1844,311,1844,4/16/2009,xdfj
1845,4831,1845,8/5/2006,feii
1846,341,1846,12/27/2016,lcgy
1847,1796,1847,2/19/2014,ptoj
1848,1456,1848,5/28/2010,kbci
1849,4201,1849,4/21/2008,kmau
1850,4401,1850,12/21/2016,uiry
1851,1231,1851,2/1/2016,wqdq
1852,261,1852,7/15/2013,dxxj
1853,1356,1853,9/27/2015,azvd
1854,3956,1854,3/27/2010,ucit
1855,931,1855,11/9/2006,oocx
1856,1706,1856,8/27/2010,pdqe
1857,2116,1857,8/1/2012,zciy
1858,401,1858,12/28/2005,ufwd
1859,3971,1859,10/19/2008,rjyz
1860,4956,1860,6/14/2006,fsgv
1861,3656,1861,2/1/2011,qlcl
1862,351,1862,10/24/2012,qrub
1863,4841,1863,12/23/2012,uhhw
1864,1801,1864,5/12/2015,xawp
1865,4806,1865,6/23/2011,mevo
1866,2396,1866,11/20/2007,nrxl
1867,2616,1867,10/24/2010,xpzn
1868,726,1868,10/7/2018,nbhg
1869,2801,1869,8/11/2006,ogkm
1870,681,1870,5/17/2008,ztqe
1871,1261,1871,8/7/2007,gjhe
1872,146,1872,7/30/2015,gree
1873,3621,1873,7/4/2012,qrpa
1874,3196,1874,12/28/2013,kjyc
1875,606,1875,5/3/2010,pumk
1876,2631,1876,3/6/2016,lyxh
1877,4266,1877,12/17/2009,nzrx
1878,181,1878,7/27/2007,kjoq
1879,4856,1879,10/26/2006,pjrr
1880,4901,1880,11/23/2016,vqfw
1881,3926,1881,12/2/2015,ktbi
1882,1246,1882,12/6/2008,dsna
1883,866,1883,10/3/2010,esbc
1884,1916,1884,2/17/2011,oiam
1885,766,1885,12/2/2009,vaht
1886,826,1886,10/13/2007,lnwb
1887,311,1887,5/19/2014,xgvn
1888,3781,1888,11/27/2010,sdpo
1889,4041,1889,7/24/2012,lnec
1890,2016,1890,12/8/2009,ruud
1891,2001,1891,10/5/2015,ifzg
1892,2841,1892,10/5/2009,vzzm
1893,2426,1893,7/15/2010,kmdd
1894,981,1894,10/20/2008,fohe
1895,4706,1895,7/21/2016,chhc
1896,2606,1896,10/1/2007,beau
1897,1931,1897,10/19/2011,piba
1898,1216,1898,3/11/2009,kisg
1899,2726,1899,3/17/2009,tjbd
1900,4321,1900,5/24/2015,hdlf
1901,1296,1901,5/14/2011,ohcg
1902,2496,1902,1/29/2012,mhqo
1903,696,1903,1/7/2014,akoo
1904,2626,1904,12/21/2007,rplx
1905,3771,1905,4/20/2009,pdnn
1906,4936,1906,11/3/2017,jzgg
1907,1361,1907,9/20/2018,myxd
1908,4366,1908,12/6/2007,hfxv
1909,2121,1909,2/5/2008,jjyg
1910,1216,1910,12/23/2007,fpst
1911,881,1911,8/30/2011,wuum
1912,3611,1912,4/26/2013,gtic
1913,1241,1913,11/24/2012,akkx
1914,3671,1914,6/14/2014,satm
1915,741,1915,3/4/2014,drla
1916,2916,1916,11/18/2015,egxz
1917,2676,1917,11/30/2015,fylr
1918,1206,1918,12/21/2007,pmmx
1919,4641,1919,11/17/2009,twqw
1920,4571,1920,5/20/2012,ixjh
1921,601,1921,12/15/2014,vzlz
1922,1441,1922,6/21/2008,txjq
1923,1466,1923,3/14/2014,xwxw
1924,3091,1924,4/14/2015,ypaz
1925,2906,1925,5/20/2011,xmgd
1926,2216,1926,8/7/2014,hyzh
1927,2011,1927,12/11/2013,rrlz
1928,3751,1928,4/8/2014,btcu
1929,141,1929,6/20/2013,uunt
1930,1156,1930,8/8/2006,corj
1931,2986,1931,1/4/2012,svlc
1932,4836,1932,7/13/2017,enyw
1933,4876,1933,12/1/2015,sees
1934,4411,1934,3/15/2012,djjr
1935,356,1935,12/27/2016,swrf
1936,3601,1936,1/15/2016,qaoy
1937,2936,1937,4/27/2006,seal
1938,4731,1938,11/29/2016,ejsp
1939,4901,1939,5/12/2007,pcmz
1940,2586,1940,9/6/2005,nfwp
1941,3091,1941,6/24/2009,aqit
1942,2721,1942,9/4/2008,axue
1943,3671,1943,12/23/2009,axhq
1944,746,1944,7/10/2012,wvmq
1945,4086,1945,3/4/2006,cyyd
1946,151,1946,5/14/2015,pnma
1947,2036,1947,1/19/2009,tthd
1948,671,1948,3/10/2015,slao
1949,3286,1949,5/29/2010,zhno
1950,1266,1950,11/5/2005,mvde
1951,2126,1951,1/30/2013,tkhj
1952,4336,1952,6/11/2011,uzlx
1953,2951,1953,10/13/2013,regr
1954,471,1954,2/22/2008,xycr
1955,3306,1955,11/29/2012,afaz
1956,4956,1956,1/1/2018,yjeb
1957,4491,1957,5/12/2009,heak
1958,3466,1958,1/21/2010,rvox
1959,3766,1959,3/3/2005,yotu
1960,3341,1960,8/25/2010,ibqj
1961,201,1961,8/1/2010,nslm
1962,3421,1962,2/22/2013,axpi
1963,2281,1963,12/11/2017,tqgz
1964,3826,1964,9/16/2008,dsuo
1965,4316,1965,11/26/2015,mtdi
1966,886,1966,1/20/2017,rsgg
1967,2731,1967,6/2/2006,wvti
1968,776,1968,10/21/2013,vucw
1969,4006,1969,2/4/2013,oxra
1970,3316,1970,2/13/2010,huai
1971,1816,1971,4/17/2018,hjzw
1972,4441,1972,2/10/2009,krim
1973,3191,1973,10/6/2015,scam
1974,3811,1974,2/22/2009,swkr
1975,1101,1975,2/7/2018,hdfm
1976,171,1976,1/19/2016,ntji
1977,336,1977,4/26/2010,pzly
1978,2881,1978,4/3/2014,kupg
1979,1356,1979,4/29/2016,jbum
1980,3311,1980,4/17/2016,hzge
1981,3896,1981,9/23/2005,jfow
1982,2051,1982,8/13/2011,bstb
1983,4421,1983,9/16/2014,coqz
1984,1311,1984,1/2/2016,vnrs
1985,586,1985,11/15/2007,nqtz
1986,2881,1986,8/13/2014,rgbb
1987,1756,1987,8/1/2010,igbg
1988,1531,1988,2/4/2014,igkt
1989,2156,1989,3/8/2018,kudn
1990,606,1990,8/11/2006,olom
1991,2751,1991,11/8/2005,tpph
1992,4636,1992,8/18/2010,qkhe
1993,4571,1993,8/21/2017,qjqe
1994,4866,1994,11/9/2008,sduv
1995,3911,1995,2/10/2017,kghy
1996,2156,1996,3/18/2014,uzca
1997,3601,1997,2/22/2017,yhfu
1998,4896,1998,8/23/2005,duqg
1999,2251,1999,7/19/2009,fpiw
2000,3341,2000,6/8/2016,hyos
